label,W,sigma,deposition_stride,delta_t,diffusion,max_steps,seed,transition_detected,termination_reason,n_steps,biased_transition_time,reweighted_time,acceleration_factor,n_centers,cpu_seconds
W,0.02,0.15,50,0.002,0.3,600000,1117257062,True,transition,26906,53.812,726.1161469635244,13.493572938443553,538,30.657192426995607
W,0.02,0.15,50,0.002,0.3,600000,1739813875,True,transition,29277,58.554,1744.0290569214553,29.784968694221664,585,33.03209263799363
W,0.02,0.15,50,0.002,0.3,600000,1419349886,True,transition,44130,88.26,7038.749532402247,79.75016465445555,882,67.47123014100362
W,0.02,0.15,50,0.002,0.3,600000,1077354921,True,transition,27633,55.266,982.4479587807822,17.776715499236097,552,31.362284974980867
W,0.02,0.15,50,0.002,0.3,600000,1178390433,True,transition,32631,65.262,2518.4101630313476,38.58922746822573,652,40.99327914600144
W,0.02,0.15,50,0.002,0.3,600000,1139688365,True,transition,37858,75.71600000000001,4204.38681066521,55.528379875656526,757,51.013843121996615
W,0.02,0.15,50,0.002,0.3,600000,3613669329,True,transition,9536,19.072,69.02894247396583,3.6193866649520676,190,4.393831130990293
W,0.02,0.15,50,0.002,0.3,600000,4057879167,True,transition,6798,13.596,34.007593737018,2.5012940377330097,135,2.911651450995123
W,0.02,0.15,50,0.002,0.3,600000,497110069,True,transition,37684,75.368,3456.097167350653,45.85629401537328,753,51.09400136800832
W,0.02,0.15,50,0.002,0.3,600000,2986755770,True,transition,16578,33.156,228.88580955869568,6.9032998419198845,331,14.907089292013552
W,0.02,0.15,50,0.002,0.3,600000,3703391142,True,transition,31838,63.676,2413.5583228360783,37.9037364601432,636,44.1064549839939
W,0.02,0.15,50,0.002,0.3,600000,4075485789,True,transition,27744,55.488,1215.0096816732912,21.89680077986756,554,35.17004871199606
W,0.02,0.15,50,0.002,0.3,600000,1734295287,True,transition,17977,35.954,416.3772047554094,11.580831194176154,359,20.057257178006694
W,0.02,0.15,50,0.002,0.3,600000,4050829272,True,transition,9268,18.536,63.81520983909698,3.442771355151973,185,7.954527893976774
W,0.02,0.15,50,0.002,0.3,600000,863719853,True,transition,17052,34.104,285.8872711627325,8.38280762264639,341,18.451936989004025
W,0.02,0.15,50,0.002,0.3,600000,251390282,True,transition,31312,62.624,2344.7776474069638,37.44215711878774,626,39.919379134022165
W,0.02,0.15,50,0.002,0.3,600000,3205418113,True,transition,29014,58.028,1400.6388351301125,24.137292947027515,580,34.50573648401769
W,0.02,0.15,50,0.002,0.3,600000,3442792960,True,transition,35333,70.666,1948.5281410619907,27.57377156004289,706,48.85548325901618
W,0.02,0.15,50,0.002,0.3,600000,217835889,True,transition,13634,27.268,167.0056237888682,6.124601136455486,272,12.280024905019673
W,0.02,0.15,50,0.002,0.3,600000,2615534499,True,transition,31539,63.078,2150.760470998803,34.096839960030486,630,41.03523370702169
W,0.02,0.15,50,0.002,0.3,600000,1478138432,True,transition,25605,51.21,1151.6816003810536,22.48938879869271,512,32.07814099700772
W,0.02,0.15,50,0.002,0.3,600000,2729924504,True,transition,40487,80.974,3025.1060178905905,37.35897964643701,809,65.19410067002173
W,0.02,0.15,50,0.002,0.3,600000,1768946074,True,transition,7833,15.666,35.132039338716055,2.242566024429724,156,5.576968585985014
W,0.02,0.15,50,0.002,0.3,600000,704437506,True,transition,32476,64.952,2352.570846365921,36.220144820266064,649,46.21980325001641
W,0.02,0.15,50,0.002,0.3,600000,1058117336,True,transition,35070,70.14,2953.522017110343,42.10895376547395,701,50.796312688005855
W,0.02,0.15,50,0.002,0.3,600000,3737085062,True,transition,10185,20.37,86.75499700537806,4.258959106793228,203,8.946506754000438
W,0.02,0.15,50,0.002,0.3,600000,722459123,True,transition,32325,64.65,2121.0521649517486,32.80823147643849,646,47.78538842100534
W,0.02,0.15,50,0.002,0.3,600000,532809295,True,transition,45737,91.474,7114.978518481371,77.78142989790946,914,80.12581932902685
W,0.02,0.15,50,0.002,0.3,600000,2524652648,True,transition,8599,17.198,45.154961912659,2.6255937848970228,171,7.181409865996102
W,0.02,0.15,50,0.002,0.3,600000,2400190629,True,transition,33937,67.874,2726.2397242935144,40.166186231745804,678,54.21019485799479
W,0.02,0.15,50,0.002,0.3,600000,697410702,True,transition,9685,19.37,86.89017346197917,4.485811743003571,193,9.393977620988153
W,0.02,0.15,50,0.002,0.3,600000,1925496482,True,transition,25706,51.412,1044.7613826682086,20.32135265440381,514,38.59120806801366
W,0.02,0.15,50,0.002,0.3,600000,961428310,True,transition,24929,49.858000000000004,1040.3081388486567,20.865420571395894,498,31.421979086997453
W,0.02,0.15,50,0.002,0.3,600000,2752819375,True,transition,20930,41.86,637.188689135596,15.221898928227327,418,27.48838984197937
W,0.02,0.15,50,0.002,0.3,600000,905563065,True,transition,21773,43.546,588.7864179969881,13.521021861869933,435,27.174068043008447
W,0.02,0.15,50,0.002,0.3,600000,3336728789,True,transition,26734,53.468,929.2785136977417,17.38008741111958,534,33.54078515799483
W,0.02,0.15,50,0.002,0.3,600000,1115825419,True,transition,16004,32.008,243.22170516145007,7.598778591647402,320,17.81160664599156
W,0.02,0.15,50,0.002,0.3,600000,4209236425,True,transition,33783,67.566,2631.336868240612,38.944689166749725,675,45.81947969799512
W,0.02,0.15,50,0.002,0.3,600000,1958277543,True,transition,35452,70.904,4101.860819671387,57.850908547774274,709,51.719455268001184
W,0.02,0.15,50,0.002,0.3,600000,2852859683,True,transition,28272,56.544000000000004,1650.5357105845046,29.19028916568521,565,37.280421711999224
W,0.030682548092687816,0.15,50,0.002,0.3,600000,2224261417,True,transition,19123,38.246,1137.8280824339101,29.750250547349005,382,17.774697827990167
W,0.030682548092687816,0.15,50,0.002,0.3,600000,3907994052,True,transition,17130,34.26,382.0301673011732,11.150909728580654,342,16.42802383500384
W,0.030682548092687816,0.15,50,0.002,0.3,600000,709315727,True,transition,23598,47.196,1004.6931123308092,21.287675064217503,471,25.001821078010835
W,0.030682548092687816,0.15,50,0.002,0.3,600000,970322932,True,transition,11653,23.306,247.92936742657236,10.63800598243252,233,9.285632276005344
W,0.030682548092687816,0.15,50,0.002,0.3,600000,3347600977,True,transition,9321,18.642,136.97238847477882,7.34751574266596,186,7.5989563899929635
W,0.030682548092687816,0.15,50,0.002,0.3,600000,2242053229,True,transition,26571,53.142,3065.37941412445,57.68280106364927,531,32.3099921560206
W,0.030682548092687816,0.15,50,0.002,0.3,600000,2767824752,True,transition,14508,29.016000000000002,541.2441702176227,18.65330060027649,290,13.43190183598199
W,0.030682548092687816,0.15,50,0.002,0.3,600000,571358767,True,transition,2861,5.722,11.3358277845747,1.9810953835328031,57,2.031244312005583
W,0.030682548092687816,0.15,50,0.002,0.3,600000,149994116,True,transition,24241,48.482,1756.234627273356,36.22446737497125,484,27.521442964993184
W,0.030682548092687816,0.15,50,0.002,0.3,600000,2769041360,True,transition,21476,42.952,1580.3229428944605,36.792767342486044,429,23.85426134901354
W,0.030682548092687816,0.15,50,0.002,0.3,600000,2505105755,True,transition,16998,33.996,592.4294894105884,17.426446917595847,339,18.260911560995737
W,0.030682548092687816,0.15,50,0.002,0.3,600000,4240823178,True,transition,23170,46.34,2633.580116443504,56.83168140793059,463,28.73613520199433
W,0.030682548092687816,0.15,50,0.002,0.3,600000,2335426345,True,transition,9735,19.47,83.76157291439732,4.302083868227906,194,8.033962262008572
W,0.030682548092687816,0.15,50,0.002,0.3,600000,909436865,True,transition,13627,27.254,288.83778523476286,10.597996082584679,272,13.460162253992166
W,0.030682548092687816,0.15,50,0.002,0.3,600000,3474991468,True,transition,24770,49.54,2535.3873369415833,51.1785897646666,495,36.85006495800917
W,0.030682548092687816,0.15,50,0.002,0.3,600000,3529078649,True,transition,22659,45.318,2199.6441072811267,48.5379784474409,453,30.2624071870232
W,0.030682548092687816,0.15,50,0.002,0.3,600000,147399555,True,transition,18733,37.466,1462.4588028061605,39.03429250003097,374,24.946891823026817
W,0.030682548092687816,0.15,50,0.002,0.3,600000,525543210,True,transition,18996,37.992,923.8227813185672,24.31624503365359,379,23.38054711499717
W,0.030682548092687816,0.15,50,0.002,0.3,600000,2014057640,True,transition,13643,27.286,322.9166729616479,11.834518542902877,272,16.850747315009357
W,0.030682548092687816,0.15,50,0.002,0.3,600000,1786032819,True,transition,12270,24.54,319.32526680774276,13.012439560217716,245,10.692863366974052
W,0.030682548092687816,0.15,50,0.002,0.3,600000,3387155390,True,transition,19830,39.660000000000004,1300.0852959961258,32.780768935857935,396,24.55578740601777
W,0.030682548092687816,0.15,50,0.002,0.3,600000,2218482782,True,transition,18834,37.668,810.4649292150041,21.516006403711483,376,24.59483900599298
W,0.030682548092687816,0.15,50,0.002,0.3,600000,1130943653,True,transition,21935,43.87,1343.2423125205928,30.61869871257335,438,29.923111973010236
W,0.030682548092687816,0.15,50,0.002,0.3,600000,3942213810,True,transition,16491,32.982,898.63449186044,27.246209807180886,329,17.246241724002175
W,0.030682548092687816,0.15,50,0.002,0.3,600000,2157405226,True,transition,21621,43.242000000000004,1868.4242810011194,43.208553744071025,432,26.49560839298647
W,0.030682548092687816,0.15,50,0.002,0.3,600000,1264070443,True,transition,29834,59.668,5358.932023080392,89.81249619696307,596,38.97453133700765
W,0.030682548092687816,0.15,50,0.002,0.3,600000,2204693458,True,transition,24982,49.964,1988.6328313868673,39.80131357351028,499,31.283170362003148
W,0.030682548092687816,0.15,50,0.002,0.3,600000,3711921879,True,transition,28045,56.09,3853.5591437708836,68.70314037744488,560,35.98961680501816
W,0.030682548092687816,0.15,50,0.002,0.3,600000,711528696,True,transition,10628,21.256,170.75700316505697,8.03335543682052,212,10.076679438003339
W,0.030682548092687816,0.15,50,0.002,0.3,600000,2513538549,True,transition,24090,48.18,2290.220726319972,47.53467676048095,481,26.879619390005246
W,0.030682548092687816,0.15,50,0.002,0.3,600000,484937114,True,transition,17534,35.068,970.1199357813464,27.663965318277246,350,17.809875111008296
W,0.030682548092687816,0.15,50,0.002,0.3,600000,625319931,True,transition,29091,58.182,3833.766714814416,65.89265949631185,581,33.93391090599471
W,0.030682548092687816,0.15,50,0.002,0.3,600000,3571366072,True,transition,21357,42.714,1241.071911242344,29.055389596908366,427,20.639497616008157
W,0.030682548092687816,0.15,50,0.002,0.3,600000,229315707,True,transition,23072,46.144,2451.074791172525,53.11795230522982,461,26.186540563008748
W,0.030682548092687816,0.15,50,0.002,0.3,600000,539885261,True,transition,26069,52.138,3803.6240807800505,72.95301087076702,521,29.64504323201254
W,0.030682548092687816,0.15,50,0.002,0.3,600000,1145627973,True,transition,25758,51.516,3324.4338711476385,64.53206520590959,515,27.400241283001378
W,0.030682548092687816,0.15,50,0.002,0.3,600000,1349791849,True,transition,19361,38.722,1213.8231532775637,31.34711929336201,387,18.56384433497442
W,0.030682548092687816,0.15,50,0.002,0.3,600000,1056865539,True,transition,6239,12.478,43.182521935173774,3.460692573743691,124,4.066321221005637
W,0.030682548092687816,0.15,50,0.002,0.3,600000,911594215,True,transition,29784,59.568,2610.048431363145,43.81628443733456,595,34.82167734802351
W,0.030682548092687816,0.15,50,0.002,0.3,600000,615430272,True,transition,29326,58.652,3278.372572461259,55.8953244980778,586,34.41881532498519
W,0.04707093787300506,0.15,50,0.002,0.3,600000,3806314122,True,transition,13237,26.474,621.868480314993,23.489781684482626,264,11.485763770004269
W,0.04707093787300506,0.15,50,0.002,0.3,600000,2192888819,True,transition,25119,50.238,6762.947904186634,134.61817556802887,502,27.364122265018523
W,0.04707093787300506,0.15,50,0.002,0.3,600000,1427620977,True,transition,17832,35.664,3038.5368301859644,85.19899142513358,356,17.664446689974284
W,0.04707093787300506,0.15,50,0.002,0.3,600000,3356841053,True,transition,7026,14.052,136.44451278498272,9.709971020849895,140,5.520280375989387
W,0.04707093787300506,0.15,50,0.002,0.3,600000,3232096941,True,transition,9438,18.876,328.985370588496,17.42876512971477,188,7.902181854995433
W,0.04707093787300506,0.15,50,0.002,0.3,600000,3732519763,True,transition,8992,17.984,204.57446192697972,11.375359315334725,179,6.416109387995675
W,0.04707093787300506,0.15,50,0.002,0.3,600000,2998128219,True,transition,16911,33.822,2668.478586410726,78.89771706021897,338,16.6589310610143
W,0.04707093787300506,0.15,50,0.002,0.3,600000,1145132762,True,transition,11580,23.16,457.2595241786181,19.7435027710975,231,9.657251187018119
W,0.04707093787300506,0.15,50,0.002,0.3,600000,2069193880,True,transition,11470,22.94,565.4688572842033,24.649906594777825,229,8.798656732978998
W,0.04707093787300506,0.15,50,0.002,0.3,600000,2139075093,True,transition,11657,23.314,543.1832893934996,23.298588375804222,233,9.301220263005234
W,0.04707093787300506,0.15,50,0.002,0.3,600000,3455529551,True,transition,17108,34.216,1088.3817189621882,31.80914539870786,342,16.400249404017814
W,0.04707093787300506,0.15,50,0.002,0.3,600000,1852503263,True,transition,10433,20.866,331.65444622456425,15.894490857115128,208,8.415147736988729
W,0.04707093787300506,0.15,50,0.002,0.3,600000,3297631443,True,transition,16998,33.996,1407.0370003385556,41.38831039941627,339,17.084425534994807
W,0.04707093787300506,0.15,50,0.002,0.3,600000,2268057410,True,transition,18137,36.274,2408.688896821828,66.40262713849667,362,18.78087330600829
W,0.04707093787300506,0.15,50,0.002,0.3,600000,2589933108,True,transition,27740,55.480000000000004,9441.965608996212,170.18683505761015,554,33.30067859799601
W,0.04707093787300506,0.15,50,0.002,0.3,600000,856118389,True,transition,14989,29.978,1207.2474011753566,40.271112188116504,299,15.123744267009897
W,0.04707093787300506,0.15,50,0.002,0.3,600000,1293532032,True,transition,17189,34.378,1003.542658785194,29.191420640677002,343,18.08725475301617
W,0.04707093787300506,0.15,50,0.002,0.3,600000,161394534,True,transition,10771,21.542,479.07157621738213,22.23895535314187,215,9.876731571974233
W,0.04707093787300506,0.15,50,0.002,0.3,600000,891070820,True,transition,5664,11.328,56.24515406800327,4.965144250353396,113,4.478610054997262
W,0.04707093787300506,0.15,50,0.002,0.3,600000,2816530863,True,transition,23013,46.026,7124.7616902837535,154.79862882465895,460,28.69947177299764
W,0.04707093787300506,0.15,50,0.002,0.3,600000,1682602526,True,transition,11238,22.476,504.8624108187137,22.462289144808405,224,11.124249907996273
W,0.04707093787300506,0.15,50,0.002,0.3,600000,2176132984,True,transition,21201,42.402,2663.4216558817957,62.81358558279788,424,20.204681907984195
W,0.04707093787300506,0.15,50,0.002,0.3,600000,4215472652,True,transition,21827,43.654,10733.740195974557,245.88216878120116,436,25.02069536599447
W,0.04707093787300506,0.15,50,0.002,0.3,600000,2520630921,True,transition,10049,20.098,359.9730103596034,17.91088717084304,200,8.448270238994155
W,0.04707093787300506,0.15,50,0.002,0.3,600000,2452189914,True,transition,13027,26.054000000000002,922.8144947807216,35.41930201814392,260,12.55129957801546
W,0.04707093787300506,0.15,50,0.002,0.3,600000,3794205915,True,transition,17598,35.196,1326.2037653173484,37.68052521074407,351,19.809964774001855
W,0.04707093787300506,0.15,50,0.002,0.3,600000,2923624876,True,transition,17915,35.83,1468.3261024664537,40.980354520414565,358,18.90096664300654
W,0.04707093787300506,0.15,50,0.002,0.3,600000,4048072743,True,transition,22715,45.43,3089.831253685526,68.01301460897042,454,26.297384562989464
W,0.04707093787300506,0.15,50,0.002,0.3,600000,95602238,True,transition,15606,31.212,1265.717406479439,40.552268565918205,312,15.669725540996296
W,0.04707093787300506,0.15,50,0.002,0.3,600000,3862568586,True,transition,20307,40.614000000000004,3633.117817033951,89.45481403048088,406,20.295544268999947
W,0.04707093787300506,0.15,50,0.002,0.3,600000,1863284379,True,transition,11813,23.626,454.12120174072874,19.221247851550356,236,10.648903132998385
W,0.04707093787300506,0.15,50,0.002,0.3,600000,4094677306,True,transition,7973,15.946,146.02022826491273,9.157169714342952,159,6.877278814994497
W,0.04707093787300506,0.15,50,0.002,0.3,600000,1779607252,True,transition,7488,14.976,138.25126836705476,9.231521659124917,149,6.494884963991353
W,0.04707093787300506,0.15,50,0.002,0.3,600000,3453695176,True,transition,12197,24.394000000000002,928.4760731004066,38.061657501861376,243,9.916098807007074
W,0.04707093787300506,0.15,50,0.002,0.3,600000,1285006056,True,transition,19074,38.148,816.7306623235401,21.409527690142077,381,20.02133895899169
W,0.04707093787300506,0.15,50,0.002,0.3,600000,3662092501,True,transition,17602,35.204,1715.7136146109904,48.736325832603974,352,18.21212090901099
W,0.04707093787300506,0.15,50,0.002,0.3,600000,4265199489,True,transition,6537,13.074,96.00562923797807,7.343248373717154,130,4.564245789020788
W,0.04707093787300506,0.15,50,0.002,0.3,600000,2109897777,True,transition,14718,29.436,1010.7729808686598,34.33798684837138,294,12.343074220989365
W,0.04707093787300506,0.15,50,0.002,0.3,600000,2263371108,True,transition,11969,23.938,574.7251876189086,24.00890582416696,239,10.666768170020077
W,0.04707093787300506,0.15,50,0.002,0.3,600000,1116904469,True,transition,26895,53.79,14693.873348763773,273.1710977647104,537,30.302235045994166
W,0.0722128157528199,0.15,50,0.002,0.3,600000,441077969,True,transition,12690,25.38,971.6233204509791,38.2830307506296,253,10.177214391995221
W,0.0722128157528199,0.15,50,0.002,0.3,600000,3409693813,True,transition,2108,4.216,13.880880387044595,3.2924289343084903,42,1.2809842910210136
W,0.0722128157528199,0.15,50,0.002,0.3,600000,3035348583,True,transition,6399,12.798,118.83441260876765,9.285389327142338,127,4.991211684013251
W,0.0722128157528199,0.15,50,0.002,0.3,600000,3452788166,True,transition,18279,36.558,6961.992792869183,190.43691648528866,365,16.155396311020013
W,0.0722128157528199,0.15,50,0.002,0.3,600000,1775262291,True,transition,5646,11.292,120.10536062827053,10.63632311621241,112,3.8097932059899904
W,0.0722128157528199,0.15,50,0.002,0.3,600000,1035805214,True,transition,15179,30.358,4826.49648987671,158.9859835916961,303,13.214057544013485
W,0.0722128157528199,0.15,50,0.002,0.3,600000,1724297949,True,transition,15302,30.604,2380.729653560933,77.79145384789351,306,13.129109698988032
W,0.0722128157528199,0.15,50,0.002,0.3,600000,3866672395,True,transition,18700,37.4,4232.643904773515,113.17229691907794,373,17.21538767698803
W,0.0722128157528199,0.15,50,0.002,0.3,600000,2233981375,True,transition,3585,7.17,48.96956857683573,6.82978641238992,71,2.245108984003309
W,0.0722128157528199,0.15,50,0.002,0.3,600000,2226428963,True,transition,16771,33.542,10064.31438762982,300.05111166984136,335,15.822792857012246
W,0.0722128157528199,0.15,50,0.002,0.3,600000,722951650,True,transition,7525,15.05,272.20244117623804,18.086540941942726,150,5.947581720014568
W,0.0722128157528199,0.15,50,0.002,0.3,600000,1163756654,True,transition,17492,34.984,4427.366568956789,126.55404096034727,349,16.35867397597758
W,0.0722128157528199,0.15,50,0.002,0.3,600000,830277375,True,transition,6344,12.688,216.54471887954102,17.06689146276332,126,4.382650874991668
W,0.0722128157528199,0.15,50,0.002,0.3,600000,2521640618,True,transition,13894,27.788,1600.14269866178,57.58394625960055,277,11.802411254990147
W,0.0722128157528199,0.15,50,0.002,0.3,600000,1749028560,True,transition,8836,17.672,616.3973278451715,34.87988500708304,176,6.255207364010857
W,0.0722128157528199,0.15,50,0.002,0.3,600000,464621859,True,transition,10183,20.366,645.8218449332016,31.71078488329577,203,7.3863169830001425
W,0.0722128157528199,0.15,50,0.002,0.3,600000,2435243372,True,transition,4342,8.684000000000001,48.14262400541894,5.543830493484446,86,3.056982205976965
W,0.0722128157528199,0.15,50,0.002,0.3,600000,1680737002,True,transition,14145,28.29,1526.6714947215112,53.96505813791132,282,11.725526644004276
W,0.0722128157528199,0.15,50,0.002,0.3,600000,2840654801,True,transition,12209,24.418,731.4526941029759,29.95547113207371,244,9.652663885994116
W,0.0722128157528199,0.15,50,0.002,0.3,600000,2824386646,True,transition,17522,35.044000000000004,3457.200281594985,98.65312982521928,350,15.621718834998319
W,0.0722128157528199,0.15,50,0.002,0.3,600000,3694909197,True,transition,14355,28.71,5112.731579379317,178.08190802435794,287,12.863412887003506
W,0.0722128157528199,0.15,50,0.002,0.3,600000,759782761,True,transition,9714,19.428,388.39484401578073,19.99149907431443,194,6.989205558988033
W,0.0722128157528199,0.15,50,0.002,0.3,600000,2550069525,True,transition,10390,20.78,346.8465728907756,16.691365394166294,207,8.459162790008122
W,0.0722128157528199,0.15,50,0.002,0.3,600000,1808402311,True,transition,15968,31.936,4727.170015433021,148.02010318865922,319,14.779533681983594
W,0.0722128157528199,0.15,50,0.002,0.3,600000,3728758658,True,transition,9214,18.428,434.2153164919569,23.56280206706951,184,7.3825206180044916
W,0.0722128157528199,0.15,50,0.002,0.3,600000,3438138378,True,transition,7491,14.982000000000001,198.93545590384397,13.278297684143903,149,5.0862119529920164
W,0.0722128157528199,0.15,50,0.002,0.3,600000,1086340527,True,transition,11384,22.768,843.5330655711466,37.04906296429843,227,9.833171560021583
W,0.0722128157528199,0.15,50,0.002,0.3,600000,902182920,True,transition,11807,23.614,606.3937721727543,25.67941781031398,236,10.493331188976299
W,0.0722128157528199,0.15,50,0.002,0.3,600000,1792384023,True,transition,15265,30.53,2919.159093262079,95.61608559653058,305,13.093011243996443
W,0.0722128157528199,0.15,50,0.002,0.3,600000,3421266031,True,transition,12792,25.584,2434.469813795162,95.15594956985467,255,11.906834834022447
W,0.0722128157528199,0.15,50,0.002,0.3,600000,3893671318,True,transition,9342,18.684,432.08656781219094,23.126020542292384,186,8.158842688018922
W,0.0722128157528199,0.15,50,0.002,0.3,600000,1425154307,True,transition,7803,15.606,115.46347416690465,7.398659116167157,156,5.569058838009369
W,0.0722128157528199,0.15,50,0.002,0.3,600000,2317158514,True,transition,10499,20.998,793.5940792220853,37.7937936575905,209,9.17030125000747
W,0.0722128157528199,0.15,50,0.002,0.3,600000,3580926823,True,transition,5988,11.976,136.5235404294081,11.399761224900473,119,5.139342080015922
W,0.0722128157528199,0.15,50,0.002,0.3,600000,1976581153,True,transition,7522,15.044,382.84440674452725,25.448312067570278,150,5.279694619006477
W,0.0722128157528199,0.15,50,0.002,0.3,600000,3224138820,True,transition,12573,25.146,1509.4927441331108,60.02913959011814,251,11.971074235014385
W,0.0722128157528199,0.15,50,0.002,0.3,600000,1388378989,True,transition,17518,35.036,6627.101144181399,189.15119146538984,350,17.22757370598265
W,0.0722128157528199,0.15,50,0.002,0.3,600000,346955979,True,transition,9708,19.416,280.03856372060704,14.423082185857387,194,7.3943317999946885
W,0.0722128157528199,0.15,50,0.002,0.3,600000,2651127494,True,transition,4615,9.23,88.53031514308591,9.5915834391209,92,3.3020578759897035
W,0.0722128157528199,0.15,50,0.002,0.3,600000,4105639852,True,transition,23073,46.146,9868.494268691597,213.85373095591376,461,23.06396106199827
W,0.11078365961221506,0.15,50,0.002,0.3,600000,1521597899,True,transition,7869,15.738,1044.1286333135706,66.34442961707782,157,6.312385862984229
W,0.11078365961221506,0.15,50,0.002,0.3,600000,4121925617,True,transition,4618,9.236,135.18184769244303,14.6364062031662,92,3.106037204997847
W,0.11078365961221506,0.15,50,0.002,0.3,600000,1584236214,True,transition,8007,16.014,1389.627720847454,86.77580372470676,160,5.9321601830015425
W,0.11078365961221506,0.15,50,0.002,0.3,600000,2287191184,True,transition,2560,5.12,30.323443695146825,5.922547596708364,51,1.6119958909985144
W,0.11078365961221506,0.15,50,0.002,0.3,600000,36236939,True,transition,10849,21.698,2550.169389137195,117.53015896106531,216,9.010179573990172
W,0.11078365961221506,0.15,50,0.002,0.3,600000,4126408669,True,transition,7043,14.086,125.64422409399468,8.919794412465901,140,5.530516828992404
W,0.11078365961221506,0.15,50,0.002,0.3,600000,3008473366,True,transition,9581,19.162,2824.613849272685,147.40704776498723,191,7.599551049002912
W,0.11078365961221506,0.15,50,0.002,0.3,600000,188395986,True,transition,15119,30.238,3345.9558576343866,110.65400680052869,302,12.690630729979603
W,0.11078365961221506,0.15,50,0.002,0.3,600000,2581116241,True,transition,5588,11.176,438.2685937125209,39.215156917727356,111,3.826632579002762
W,0.11078365961221506,0.15,50,0.002,0.3,600000,2750884597,True,transition,7399,14.798,1431.5598258686312,96.74008824629215,147,5.5837808859942015
W,0.11078365961221506,0.15,50,0.002,0.3,600000,1516614363,True,transition,5620,11.24,89.0119520010434,7.919212811480729,112,4.141522483987501
W,0.11078365961221506,0.15,50,0.002,0.3,600000,4292663222,True,transition,9838,19.676000000000002,2032.0672246742843,103.27643955449706,196,7.233146245998796
W,0.11078365961221506,0.15,50,0.002,0.3,600000,3212576547,True,transition,8419,16.838,1490.2661831215858,88.50612799154209,168,6.419320888002403
W,0.11078365961221506,0.15,50,0.002,0.3,600000,2299225538,True,transition,6311,12.622,662.1468196305375,52.45973852246375,126,4.4866883770155255
W,0.11078365961221506,0.15,50,0.002,0.3,600000,3730039464,True,transition,5605,11.21,551.8664297789126,49.22983316493421,112,4.5063919280073605
W,0.11078365961221506,0.15,50,0.002,0.3,600000,3415364218,True,transition,10913,21.826,3456.6906533285637,158.37490393698175,218,8.935910963016795
W,0.11078365961221506,0.15,50,0.002,0.3,600000,2605887615,True,transition,17148,34.296,16835.175827738054,490.87869803295,342,16.453096859011566
W,0.11078365961221506,0.15,50,0.002,0.3,600000,757940260,True,transition,5355,10.71,203.9531700725123,19.04324650536996,107,3.4537308959988877
W,0.11078365961221506,0.15,50,0.002,0.3,600000,4142656215,True,transition,8182,16.364,1226.6504666457913,74.96030717708331,163,6.343962500977796
W,0.11078365961221506,0.15,50,0.002,0.3,600000,950537436,True,transition,10687,21.374,716.6137732908428,33.527359094733924,213,8.575760701991385
W,0.11078365961221506,0.15,50,0.002,0.3,600000,2496933953,True,transition,8191,16.382,923.9035228515328,56.39748033521747,163,6.288766629004385
W,0.11078365961221506,0.15,50,0.002,0.3,600000,2042587550,True,transition,9863,19.726,2646.404134009458,134.15817367988737,197,8.520763759006513
W,0.11078365961221506,0.15,50,0.002,0.3,600000,1862184044,True,transition,7672,15.344000000000001,810.1686264115572,52.80035365038824,153,5.812754446989857
W,0.11078365961221506,0.15,50,0.002,0.3,600000,1246195016,True,transition,5805,11.61,529.8851937585271,45.64041289909794,116,4.374488764005946
W,0.11078365961221506,0.15,50,0.002,0.3,600000,4261522273,True,transition,5052,10.104000000000001,164.92944919502008,16.32318380789985,101,3.0841287880029995
W,0.11078365961221506,0.15,50,0.002,0.3,600000,2547747181,True,transition,8918,17.836000000000002,3388.2013469774033,189.96419303528833,178,6.258135786978528
W,0.11078365961221506,0.15,50,0.002,0.3,600000,277797255,True,transition,9867,19.734,1893.1542711950567,95.9336308500586,197,7.705936667975038
W,0.11078365961221506,0.15,50,0.002,0.3,600000,3318733985,True,transition,7037,14.074,831.0273510005256,59.04699097630564,140,5.2658785179955885
W,0.11078365961221506,0.15,50,0.002,0.3,600000,203235879,True,transition,14856,29.712,6785.26527413601,228.3678404057623,297,13.34220800199546
W,0.11078365961221506,0.15,50,0.002,0.3,600000,2983832238,True,transition,9558,19.116,2690.09943708118,140.72501763345784,191,7.025154354021652
W,0.11078365961221506,0.15,50,0.002,0.3,600000,178192306,True,transition,10999,21.998,2814.0688154494123,127.923848324821,219,9.13651318801567
W,0.11078365961221506,0.15,50,0.002,0.3,600000,1200256555,True,transition,11174,22.348,2010.5199875715873,89.96420205707837,223,9.24541516500176
W,0.11078365961221506,0.15,50,0.002,0.3,600000,2014794430,True,transition,6022,12.044,154.7929627788953,12.852288507048762,120,4.067047614022158
W,0.11078365961221506,0.15,50,0.002,0.3,600000,981494992,True,transition,9292,18.584,1090.0831357697846,58.657077904099474,185,7.078969093010528
W,0.11078365961221506,0.15,50,0.002,0.3,600000,2276795246,True,transition,8832,17.664,639.2375688005887,36.18872105981593,176,6.995921930996701
W,0.11078365961221506,0.15,50,0.002,0.3,600000,133888633,True,transition,10192,20.384,2995.9355198063404,146.9748587032153,203,8.2432985920168
W,0.11078365961221506,0.15,50,0.002,0.3,600000,3581311734,True,transition,4831,9.662,160.98251757664528,16.661407325258256,96,3.154366728005698
W,0.11078365961221506,0.15,50,0.002,0.3,600000,440662074,True,transition,3433,6.8660000000000005,70.30750701724496,10.23995150265729,68,2.476167309010634
W,0.11078365961221506,0.15,50,0.002,0.3,600000,130049510,True,transition,8080,16.16,1149.8040854767714,71.15124291316656,161,6.064900753000984
W,0.11078365961221506,0.15,50,0.002,0.3,600000,1282483486,True,transition,5173,10.346,178.23988680413078,17.227903228700054,103,3.70639167400077
W,0.1699562481967873,0.15,50,0.002,0.3,600000,3336812734,True,transition,6111,12.222,1201.6912361767359,98.32197972318245,122,4.493391240015626
W,0.1699562481967873,0.15,50,0.002,0.3,600000,556835694,True,transition,8816,17.632,6387.0753681799,362.2433852189144,176,6.528634804999456
W,0.1699562481967873,0.15,50,0.002,0.3,600000,1312710,True,transition,6710,13.42,3032.403992339334,225.96154935464486,134,5.224202067009173
W,0.1699562481967873,0.15,50,0.002,0.3,600000,4239054187,True,transition,9444,18.888,2359.6657281832145,124.92935875599397,188,7.580257886002073
W,0.1699562481967873,0.15,50,0.002,0.3,600000,4051291539,True,transition,5672,11.344,377.27891200091955,33.258014104453416,113,3.821809083019616
W,0.1699562481967873,0.15,50,0.002,0.3,600000,2061184334,True,transition,10690,21.38,40503.52979525854,1894.4588304611104,213,7.6945293649914674
W,0.1699562481967873,0.15,50,0.002,0.3,600000,3209358148,True,transition,6614,13.228,2854.1392520828044,215.76498730592715,132,4.588939344015671
W,0.1699562481967873,0.15,50,0.002,0.3,600000,657318489,True,transition,3490,6.98,162.1388167275804,23.229056837762233,69,2.1489297850057483
W,0.1699562481967873,0.15,50,0.002,0.3,600000,4144350327,True,transition,8827,17.654,6230.082132704318,352.8991805089112,176,6.189342772006057
W,0.1699562481967873,0.15,50,0.002,0.3,600000,1615742199,True,transition,6965,13.93,309.85336451607924,22.24360118564819,139,5.074726413993631
W,0.1699562481967873,0.15,50,0.002,0.3,600000,941392545,True,transition,4590,9.18,141.70564646487938,15.436344930814748,91,3.1334145840082783
W,0.1699562481967873,0.15,50,0.002,0.3,600000,441543669,True,transition,5040,10.08,311.55951466759495,30.908682010674102,100,3.1160268670064397
W,0.1699562481967873,0.15,50,0.002,0.3,600000,203479793,True,transition,5319,10.638,457.1741204987805,42.97557064286337,106,3.568905927997548
W,0.1699562481967873,0.15,50,0.002,0.3,600000,2190910363,True,transition,5871,11.742,967.7033387985485,82.4138425139285,117,4.440571876009926
W,0.1699562481967873,0.15,50,0.002,0.3,600000,1795675851,True,transition,6029,12.058,577.1060635659398,47.86084454851052,120,4.44280057301512
W,0.1699562481967873,0.15,50,0.002,0.3,600000,3227537976,True,transition,2871,5.742,48.42438632247719,8.433365782388922,57,2.028693807980744
W,0.1699562481967873,0.15,50,0.002,0.3,600000,2850591900,True,transition,8245,16.490000000000002,5424.244559177652,328.94145295194977,164,6.294126246997621
W,0.1699562481967873,0.15,50,0.002,0.3,600000,3967793938,True,transition,6804,13.608,2471.426593812092,181.61571089154114,136,4.824667779990705
W,0.1699562481967873,0.15,50,0.002,0.3,600000,1057552462,True,transition,4927,9.854000000000001,856.0718286926228,86.8755661348308,98,2.991836966975825
W,0.1699562481967873,0.15,50,0.002,0.3,600000,1186639424,True,transition,6842,13.684000000000001,1769.1881051867404,129.28881212998687,136,5.053872599994065
W,0.1699562481967873,0.15,50,0.002,0.3,600000,1576724975,True,transition,3846,7.692,109.8042172814176,14.275119251354342,76,2.66533034000895
W,0.1699562481967873,0.15,50,0.002,0.3,600000,1955135842,True,transition,9987,19.974,11496.959250545535,575.5962376362038,199,8.250451669999165
W,0.1699562481967873,0.15,50,0.002,0.3,600000,2219743911,True,transition,3283,6.566,148.20199498656683,22.571123208432354,65,2.23912001500139
W,0.1699562481967873,0.15,50,0.002,0.3,600000,3768598221,True,transition,3167,6.3340000000000005,179.45108065227254,28.33139890310586,63,2.552901282993844
W,0.1699562481967873,0.15,50,0.002,0.3,600000,1983435446,True,transition,5398,10.796,1168.328326134406,108.21862969010802,107,3.365429581986973
W,0.1699562481967873,0.15,50,0.002,0.3,600000,710227700,True,transition,5904,11.808,1464.5256155403588,124.02825334860762,118,4.618658458988648
W,0.1699562481967873,0.15,50,0.002,0.3,600000,3901386650,True,transition,6483,12.966000000000001,1971.8325718303993,152.0771688902051,129,4.620877674984513
W,0.1699562481967873,0.15,50,0.002,0.3,600000,895581748,True,transition,3279,6.558,55.567543198608135,8.47324537947669,65,2.3577521280094516
W,0.1699562481967873,0.15,50,0.002,0.3,600000,3273797913,True,transition,871,1.742,2.7087701725467963,1.5549771369384595,17,0.5600468490156345
W,0.1699562481967873,0.15,50,0.002,0.3,600000,3491606641,True,transition,8611,17.222,1032.8068840539024,59.970205786430284,172,5.991088615002809
W,0.1699562481967873,0.15,50,0.002,0.3,600000,1811647058,True,transition,4192,8.384,455.5844232997417,54.33974514548445,83,3.106828811985906
W,0.1699562481967873,0.15,50,0.002,0.3,600000,4163934663,True,transition,4414,8.828,69.95435963274655,7.924145857809985,88,2.7565668110037223
W,0.1699562481967873,0.15,50,0.002,0.3,600000,1798899696,True,transition,7364,14.728,1048.399268880324,71.1840894133843,147,5.293144516996108
W,0.1699562481967873,0.15,50,0.002,0.3,600000,2065133950,True,transition,4812,9.624,423.03344392031096,43.95609350792923,96,3.09194457900594
W,0.1699562481967873,0.15,50,0.002,0.3,600000,2447615528,True,transition,5485,10.97,358.4743813654879,32.67770112720947,109,4.053133859997615
W,0.1699562481967873,0.15,50,0.002,0.3,600000,350036240,True,transition,7815,15.63,5544.624763648941,354.7424672840013,156,5.179585867997957
W,0.1699562481967873,0.15,50,0.002,0.3,600000,3190859743,True,transition,5173,10.346,601.4544306723816,58.13400644426654,103,3.470415829011472
W,0.1699562481967873,0.15,50,0.002,0.3,600000,1921599014,True,transition,5225,10.450000000000001,318.5490996858227,30.483167434050014,104,3.289416148996679
W,0.1699562481967873,0.15,50,0.002,0.3,600000,3806309026,True,transition,1249,2.498,12.229451643206477,4.895697215054634,24,0.7275656040001195
W,0.1699562481967873,0.15,50,0.002,0.3,600000,2734045738,True,transition,6838,13.676,5000.298141430891,365.62577810989256,136,5.237553607992595
W,0.26073453794753565,0.15,50,0.002,0.3,600000,3243062662,True,transition,3719,7.438,533.3877336924933,71.7111768879394,74,2.5940990230010357
W,0.26073453794753565,0.15,50,0.002,0.3,600000,504258371,True,transition,7339,14.678,8821.713013093278,601.0160112476684,146,5.643888890976086
W,0.26073453794753565,0.15,50,0.002,0.3,600000,2625396016,True,transition,4515,9.03,1844.427374119718,204.2555231583298,90,2.8154530670144595
W,0.26073453794753565,0.15,50,0.002,0.3,600000,1881871001,True,transition,2577,5.154,195.50079887906793,37.93185853299727,51,1.6141254850081168
W,0.26073453794753565,0.15,50,0.002,0.3,600000,793782330,True,transition,3371,6.742,407.01253171149943,60.369702122737976,67,2.4250730439962354
W,0.26073453794753565,0.15,50,0.002,0.3,600000,1344248622,True,transition,4624,9.248,785.5066518097223,84.93800300710666,92,2.874748450005427
W,0.26073453794753565,0.15,50,0.002,0.3,600000,112125194,True,transition,4872,9.744,453.25211444072147,46.516021596954175,97,3.591667517001042
W,0.26073453794753565,0.15,50,0.002,0.3,600000,2737752476,True,transition,6625,13.25,1014.449043020995,76.56219192611283,132,4.671510257991031
W,0.26073453794753565,0.15,50,0.002,0.3,600000,2950519807,True,transition,4711,9.422,145.9732215936653,15.492806367402387,94,2.958351073990343
W,0.26073453794753565,0.15,50,0.002,0.3,600000,61767308,True,transition,4800,9.6,2356.5821537099114,245.47730767811578,95,2.993248440005118
W,0.26073453794753565,0.15,50,0.002,0.3,600000,2815717284,True,transition,3754,7.508,1097.064397093358,146.11939226070297,75,2.1902314650069457
W,0.26073453794753565,0.15,50,0.002,0.3,600000,2649565263,True,transition,5075,10.15,325.95658592589984,32.113949352305404,101,3.12085179699352
W,0.26073453794753565,0.15,50,0.002,0.3,600000,758775689,True,transition,9062,18.124,13966.108898060827,770.586454318077,181,6.698877804999938
W,0.26073453794753565,0.15,50,0.002,0.3,600000,1761170567,True,transition,7052,14.104000000000001,1562.2743936532386,110.76817878993467,141,4.8590845160069875
W,0.26073453794753565,0.15,50,0.002,0.3,600000,1385250863,True,transition,7663,15.326,5297.438097087971,345.6504043512966,153,5.246449244994437
W,0.26073453794753565,0.15,50,0.002,0.3,600000,179382416,True,transition,4637,9.274000000000001,1959.4330630111965,211.28240920974727,92,3.3807084650034085
W,0.26073453794753565,0.15,50,0.002,0.3,600000,4285981621,True,transition,11521,23.042,831662.4456349005,36093.32721269423,230,8.437964418990305
W,0.26073453794753565,0.15,50,0.002,0.3,600000,2015818303,True,transition,1638,3.2760000000000002,44.51792894396954,13.5891113992581,32,0.9175707070098724
W,0.26073453794753565,0.15,50,0.002,0.3,600000,2265125778,True,transition,3816,7.632000000000001,1056.2135869649883,138.39276558765567,76,2.7211903930001426
W,0.26073453794753565,0.15,50,0.002,0.3,600000,1713497216,True,transition,7141,14.282,4806.0418118625375,336.51041953945787,142,4.726152428978821
W,0.26073453794753565,0.15,50,0.002,0.3,600000,2637994220,True,transition,3045,6.09,217.30185036142456,35.68174882782012,60,2.0197841669723857
W,0.26073453794753565,0.15,50,0.002,0.3,600000,2457640279,True,transition,4767,9.534,617.3835581376294,64.7559847008212,95,3.0707146450004075
W,0.26073453794753565,0.15,50,0.002,0.3,600000,337025828,True,transition,6775,13.55,17054.21230828624,1258.6134544860695,135,5.252772470994387
W,0.26073453794753565,0.15,50,0.002,0.3,600000,4116831648,True,transition,3393,6.7860000000000005,1479.9902101858502,218.0946375163351,67,2.0279547719983384
W,0.26073453794753565,0.15,50,0.002,0.3,600000,3814444184,True,transition,4120,8.24,3993.6945236388715,484.6716654901543,82,2.8427688159863465
W,0.26073453794753565,0.15,50,0.002,0.3,600000,1873293318,True,transition,5247,10.494,2072.3087010056533,197.47557661574743,104,3.3882473779958673
W,0.26073453794753565,0.15,50,0.002,0.3,600000,1031382223,True,transition,6257,12.514000000000001,15739.278895722506,1257.7336499698342,125,4.476980826992076
W,0.26073453794753565,0.15,50,0.002,0.3,600000,1502533520,True,transition,5811,11.622,1893.179272896469,162.89616872280752,116,4.312653798988322
W,0.26073453794753565,0.15,50,0.002,0.3,600000,3679108358,True,transition,5523,11.046,877.3337376182739,79.4254696377217,110,3.4205328009848017
W,0.26073453794753565,0.15,50,0.002,0.3,600000,1822478899,True,transition,4346,8.692,362.55869149503684,41.711768464684404,86,2.777819356007967
W,0.26073453794753565,0.15,50,0.002,0.3,600000,3804875817,True,transition,3645,7.29,476.84855700902193,65.4113246925956,72,2.4128461770014837
W,0.26073453794753565,0.15,50,0.002,0.3,600000,1519897029,True,transition,5545,11.09,194.80155963532437,17.565514845385426,110,3.7149791330157313
W,0.26073453794753565,0.15,50,0.002,0.3,600000,975172027,True,transition,2321,4.642,101.96703217263607,21.96618530216201,46,1.353162932995474
W,0.26073453794753565,0.15,50,0.002,0.3,600000,3038060340,True,transition,3867,7.734,440.40841201982005,56.9444546185441,77,2.6008321850094944
W,0.26073453794753565,0.15,50,0.002,0.3,600000,1840084025,True,transition,4244,8.488,655.3392208316714,77.20773101221388,84,2.9990023509890307
W,0.26073453794753565,0.15,50,0.002,0.3,600000,1803320580,True,transition,4378,8.756,378.6359771089947,43.24303073423877,87,3.3116774770023767
W,0.26073453794753565,0.15,50,0.002,0.3,600000,151047378,True,transition,5390,10.78,3642.493933852754,337.8936858861553,107,3.8923603070143145
W,0.26073453794753565,0.15,50,0.002,0.3,600000,1257593229,True,transition,4234,8.468,1014.7183649813373,119.82975495764494,84,2.5264930879930034
W,0.26073453794753565,0.15,50,0.002,0.3,600000,3312895867,True,transition,2697,5.394,111.1360251759308,20.60363833443285,53,1.5995725950051565
W,0.26073453794753565,0.15,50,0.002,0.3,600000,3585221949,True,transition,3811,7.622,442.1731729639526,58.01274901127691,76,2.451387495995732
W,0.4,0.15,50,0.002,0.3,600000,2914947464,True,transition,5581,11.162,7638.8330628177055,684.3606040868756,111,3.9736566400097217
W,0.4,0.15,50,0.002,0.3,600000,2156460808,True,transition,2773,5.546,3071.1863995645404,553.766029492344,55,1.5893208729976323
W,0.4,0.15,50,0.002,0.3,600000,2672892723,True,transition,1839,3.678,106.1553886182229,28.862259004410795,36,1.0382518210099079
W,0.4,0.15,50,0.002,0.3,600000,1344495284,True,transition,3051,6.102,2981.8802096097456,488.67260072267214,61,1.8137836879759561
W,0.4,0.15,50,0.002,0.3,600000,597889353,True,transition,4372,8.744,3527.1972957320786,403.3848691367885,87,2.943605626001954
W,0.4,0.15,50,0.002,0.3,600000,2336761533,True,transition,1814,3.628,416.27859750719256,114.74051750473885,36,1.113720077992184
W,0.4,0.15,50,0.002,0.3,600000,904055192,True,transition,5613,11.226,60048.79291981143,5349.081856387977,112,4.000738642993383
W,0.4,0.15,50,0.002,0.3,600000,670027410,True,transition,2735,5.47,234.56879749734082,42.88277833589412,54,1.5821390310011338
W,0.4,0.15,50,0.002,0.3,600000,3487197596,True,transition,5456,10.912,111711.2513053748,10237.468044847396,109,3.3666987510223407
W,0.4,0.15,50,0.002,0.3,600000,3297535056,True,transition,2899,5.798,1341.2005333961345,231.32123721906424,57,1.6962927209970076
W,0.4,0.15,50,0.002,0.3,600000,3369810302,True,transition,2621,5.242,124.02581382907927,23.660017899480973,52,1.6980075409810524
W,0.4,0.15,50,0.002,0.3,600000,2643817033,True,transition,3622,7.244,3652.8279603155197,504.2556543781778,72,2.317688841983909
W,0.4,0.15,50,0.002,0.3,600000,90351162,True,transition,2539,5.078,1198.0110648651744,235.9218323877854,50,1.4619839990045875
W,0.4,0.15,50,0.002,0.3,600000,668073174,True,transition,2842,5.684,1466.7468961451798,258.048363150102,56,1.710471514990786
W,0.4,0.15,50,0.002,0.3,600000,3537434165,True,transition,7749,15.498000000000001,285267.39972913545,18406.723430709473,154,5.574026907997904
W,0.4,0.15,50,0.002,0.3,600000,481955450,True,transition,266,0.532,1.1706910860710111,2.200547154268818,5,0.14790874798200093
W,0.4,0.15,50,0.002,0.3,600000,3845646482,True,transition,3810,7.62,1986.2316699463643,260.6603241399428,76,2.322011887008557
W,0.4,0.15,50,0.002,0.3,600000,2624210528,True,transition,5575,11.15,34836.7911577773,3124.375888589892,111,3.90524657201604
W,0.4,0.15,50,0.002,0.3,600000,9990276,True,transition,4912,9.824,16923.498616593257,1722.6688331222779,98,2.9545777730236296
W,0.4,0.15,50,0.002,0.3,600000,2982501462,True,transition,3851,7.702,1145.6574009547446,148.74803959422806,77,2.5590330810227897
W,0.4,0.15,50,0.002,0.3,600000,994176711,True,transition,4983,9.966000000000001,4467.990811812859,448.3233806755828,99,3.1245724900218192
W,0.4,0.15,50,0.002,0.3,600000,3387849120,True,transition,747,1.494,13.467574121196902,9.014440509502611,14,0.43045896498369984
W,0.4,0.15,50,0.002,0.3,600000,2884073855,True,transition,2438,4.876,297.07215402379677,60.925380234576856,48,1.6478610030026175
W,0.4,0.15,50,0.002,0.3,600000,2596935731,True,transition,1494,2.988,92.52682595060561,30.966139876374033,29,0.9133516809961293
W,0.4,0.15,50,0.002,0.3,600000,2355940445,True,transition,2679,5.3580000000000005,344.8409721773944,64.36001720369435,53,1.4681984909984749
W,0.4,0.15,50,0.002,0.3,600000,2001887260,True,transition,6094,12.188,3504.3343842977033,287.5233331389648,121,4.118278489011573
W,0.4,0.15,50,0.002,0.3,600000,2116030773,True,transition,2662,5.324,1891.1250526538295,355.2075606036494,53,1.6509877519856673
W,0.4,0.15,50,0.002,0.3,600000,169981606,True,transition,6284,12.568,52642.95991636191,4188.650534401807,125,4.226045982009964
W,0.4,0.15,50,0.002,0.3,600000,2955692021,True,transition,1978,3.956,361.92553062736215,91.48774788355969,39,1.0578849030134734
W,0.4,0.15,50,0.002,0.3,600000,1822642769,True,transition,3107,6.214,4452.65047452381,716.5514120572593,62,1.7916085160104558
W,0.4,0.15,50,0.002,0.3,600000,2629233070,True,transition,1401,2.802,74.08026567722332,26.438353203862714,28,0.9649506360001396
W,0.4,0.15,50,0.002,0.3,600000,4110749286,True,transition,4115,8.23,2111.8013407948124,256.5979757952384,82,3.188464840000961
W,0.4,0.15,50,0.002,0.3,600000,1786888313,True,transition,1513,3.0260000000000002,32.691460942906104,10.803523113980866,30,0.8421206460043322
W,0.4,0.15,50,0.002,0.3,600000,1834003575,True,transition,3756,7.5120000000000005,552.0441294018257,73.48830263602578,75,2.149607122002635
W,0.4,0.15,50,0.002,0.3,600000,768164538,True,transition,1006,2.012,24.671646487766772,12.262249745410921,20,0.6927081830217503
W,0.4,0.15,50,0.002,0.3,600000,1119353664,True,transition,3965,7.930000000000001,1571.1381303338428,198.12586763352365,79,2.51522000899422
W,0.4,0.15,50,0.002,0.3,600000,1015100253,True,transition,4192,8.384,11022.724146571356,1314.733319008988,83,2.6011016530101188
W,0.4,0.15,50,0.002,0.3,600000,4076176822,True,transition,2683,5.3660000000000005,188.60404216796542,35.147976550124,53,1.5225130630133208
W,0.4,0.15,50,0.002,0.3,600000,4042606060,True,transition,1446,2.892,16.099206078471678,5.566807081075961,28,1.0159567240043543
W,0.4,0.15,50,0.002,0.3,600000,134679049,True,transition,4646,9.292,42614.137096541286,4586.110320333759,92,2.8977755550004076
sigma,0.1,0.04,50,0.002,0.3,600000,146786754,True,transition,54275,108.55,1450.1296259536298,13.359093744390877,1085,105.19349126901943
sigma,0.1,0.04,50,0.002,0.3,600000,2742450621,True,transition,61497,122.994,1651.205383179357,13.425088891973244,1229,133.21325145699666
sigma,0.1,0.04,50,0.002,0.3,600000,827029338,True,transition,85377,170.754,6204.280124723518,36.33461075420499,1707,239.58445264500915
sigma,0.1,0.04,50,0.002,0.3,600000,3633065804,True,transition,27369,54.738,267.9592374798411,4.895305591724964,547,32.417038793995744
sigma,0.1,0.04,50,0.002,0.3,600000,309315288,True,transition,115464,230.928,20570.302718418014,89.07669368122538,2309,408.71482560399454
sigma,0.1,0.04,50,0.002,0.3,600000,2411167344,True,transition,62824,125.648,2049.537904737157,16.311743161348826,1256,141.4375978700118
sigma,0.1,0.04,50,0.002,0.3,600000,661347115,True,transition,57449,114.898,1616.2803985022013,14.067089057269937,1148,119.55294677501661
sigma,0.1,0.04,50,0.002,0.3,600000,2182644022,True,transition,54201,108.402,1351.3635459120917,12.466223371451557,1084,110.72138215502491
sigma,0.1,0.04,50,0.002,0.3,600000,1342807429,True,transition,23228,46.456,175.8055698617044,3.7843458296388928,464,25.49469413800398
sigma,0.1,0.04,50,0.002,0.3,600000,1459479427,True,transition,71618,143.236,3037.8890382779546,21.208977060780494,1432,169.15468713699374
sigma,0.1,0.04,50,0.002,0.3,600000,896201282,True,transition,71687,143.374,3833.676825360879,26.738996089673712,1433,160.1493190129986
sigma,0.1,0.04,50,0.002,0.3,600000,1937999244,True,transition,29030,58.06,325.87326366698056,5.612698306355159,580,32.63847885400173
sigma,0.1,0.04,50,0.002,0.3,600000,3403038178,True,transition,74749,149.498,4614.676110512082,30.867811679835732,1494,172.68216192399268
sigma,0.1,0.04,50,0.002,0.3,600000,22966564,True,transition,61683,123.366,2236.8556570038163,18.131864995248417,1233,127.01865562499734
sigma,0.1,0.04,50,0.002,0.3,600000,245765764,True,transition,21105,42.21,137.62403071450572,3.260460334387721,422,25.764178821002133
sigma,0.1,0.04,50,0.002,0.3,600000,1761704361,True,transition,51867,103.73400000000001,1445.5748873949842,13.93540100058789,1037,96.07044019800378
sigma,0.1,0.04,50,0.002,0.3,600000,2780285463,True,transition,52761,105.522,1357.0781195482723,12.86061787635064,1055,92.9423757220211
sigma,0.1,0.04,50,0.002,0.3,600000,4100208314,True,transition,17754,35.508,87.1403959707469,2.45410600345688,355,19.040385319007328
sigma,0.1,0.04,50,0.002,0.3,600000,839122519,True,transition,52188,104.376,1470.1572693540988,14.085204159520377,1043,95.17766237200703
sigma,0.1,0.04,50,0.002,0.3,600000,358041671,True,transition,18881,37.762,130.62960282048817,3.4592871887211527,377,18.705619499989552
sigma,0.1,0.04,50,0.002,0.3,600000,305818867,True,transition,7284,14.568,25.700304962708376,1.7641615158366541,145,5.288584550988162
sigma,0.1,0.04,50,0.002,0.3,600000,4269227016,True,transition,43373,86.746,841.4079340786894,9.699674153029413,867,67.0299801749934
sigma,0.1,0.04,50,0.002,0.3,600000,764383059,True,transition,36656,73.312,490.38281572268187,6.688984282555133,733,48.07684168199194
sigma,0.1,0.04,50,0.002,0.3,600000,2377531193,True,transition,51647,103.294,927.0553199277753,8.974919355700964,1032,92.42282867801259
sigma,0.1,0.04,50,0.002,0.3,600000,2887673671,True,transition,69384,138.768,2521.748605172133,18.172407220484068,1387,157.428235733998
sigma,0.1,0.04,50,0.002,0.3,600000,1335726407,True,transition,72494,144.988,3827.4502991263594,26.398393654139372,1449,164.65000375101226
sigma,0.1,0.04,50,0.002,0.3,600000,2801853795,True,transition,10922,21.844,44.4204883136538,2.033532700679994,218,7.784130907995859
sigma,0.1,0.04,50,0.002,0.3,600000,1766161979,True,transition,45751,91.502,640.0836049109503,6.995296331347405,915,76.92642672098009
sigma,0.1,0.04,50,0.002,0.3,600000,2931423233,True,transition,74690,149.38,2912.4373926119015,19.49683620706856,1493,173.50888633099385
sigma,0.1,0.04,50,0.002,0.3,600000,3474043310,True,transition,4128,8.256,9.86456470777586,1.1948358415426188,82,3.1664052349806298
sigma,0.1,0.04,50,0.002,0.3,600000,97717093,True,transition,30311,60.622,321.66526842808895,5.30608142964747,606,41.04728513798909
sigma,0.1,0.04,50,0.002,0.3,600000,1066348207,True,transition,16543,33.086,98.59321261711135,2.979907290609664,330,14.549882436986081
sigma,0.1,0.04,50,0.002,0.3,600000,2127360760,True,transition,59749,119.498,1618.476749801577,13.543965169304732,1194,112.14447080899845
sigma,0.1,0.04,50,0.002,0.3,600000,1950079314,True,transition,52594,105.188,1405.2124699945787,13.359056831526207,1051,86.81183742400026
sigma,0.1,0.04,50,0.002,0.3,600000,2742915976,True,transition,62869,125.738,1818.6158306882846,14.463533941117918,1257,125.72474278500886
sigma,0.1,0.04,50,0.002,0.3,600000,3454380849,True,transition,9900,19.8,37.81103500460798,1.9096482325559585,197,7.832841110997833
sigma,0.1,0.04,50,0.002,0.3,600000,468305796,True,transition,97364,194.728,7380.959780627315,37.90394694459613,1947,271.69280677699135
sigma,0.1,0.04,50,0.002,0.3,600000,796987872,True,transition,69993,139.986,3044.620622394765,21.749465106473256,1399,145.8950606660219
sigma,0.1,0.04,50,0.002,0.3,600000,1162915612,True,transition,71384,142.768,2937.116985158437,20.572656233598824,1427,150.3113908469968
sigma,0.1,0.04,50,0.002,0.3,600000,1577107547,True,transition,5093,10.186,13.613872557575238,1.3365278379712584,101,3.54039235500386
sigma,0.1,0.055579819774925515,50,0.002,0.3,600000,3947003300,True,transition,31337,62.674,940.5210054605078,15.00655783036838,626,37.65149935299996
sigma,0.1,0.055579819774925515,50,0.002,0.3,600000,832220132,True,transition,47552,95.104,3382.1977485403045,35.563149273850776,951,75.61780084701604
sigma,0.1,0.055579819774925515,50,0.002,0.3,600000,752150131,True,transition,24072,48.144,405.6864868541858,8.426522242734002,481,26.4486835449934
sigma,0.1,0.055579819774925515,50,0.002,0.3,600000,2422693610,True,transition,32927,65.854,1079.5429194312494,16.392974146312287,658,41.45584333100123
sigma,0.1,0.055579819774925515,50,0.002,0.3,600000,2389758755,True,transition,32838,65.676,1023.109177681094,15.578128657060326,656,41.700062806979986
sigma,0.1,0.055579819774925515,50,0.002,0.3,600000,3799762385,True,transition,28606,57.212,640.628931248513,11.197457373427131,572,33.31039613301982
sigma,0.1,0.055579819774925515,50,0.002,0.3,600000,1470454218,True,transition,19863,39.726,225.450284291302,5.675131759837437,397,18.677440661995206
sigma,0.1,0.055579819774925515,50,0.002,0.3,600000,444544101,True,transition,29357,58.714,675.3817539667168,11.502908232563218,587,33.07379419298377
sigma,0.1,0.055579819774925515,50,0.002,0.3,600000,1880759190,True,transition,17177,34.354,168.34788320366266,4.900386656682269,343,15.17013925401261
sigma,0.1,0.055579819774925515,50,0.002,0.3,600000,1810451047,True,transition,31861,63.722,1292.8756292825121,20.28931341267556,637,35.05763641800149
sigma,0.1,0.055579819774925515,50,0.002,0.3,600000,224072307,True,transition,11239,22.478,84.92892183524043,3.778313098818419,224,8.643246299994644
sigma,0.1,0.055579819774925515,50,0.002,0.3,600000,671989714,True,transition,35570,71.14,1294.4293303079103,18.195520527240795,711,46.274619722011266
sigma,0.1,0.055579819774925515,50,0.002,0.3,600000,2503057086,True,transition,27534,55.068,620.006966536343,11.258933800689022,550,27.519410359993344
sigma,0.1,0.055579819774925515,50,0.002,0.3,600000,1748776385,True,transition,58349,116.69800000000001,6233.082201917512,53.41207391658393,1166,106.14717426200514
sigma,0.1,0.055579819774925515,50,0.002,0.3,600000,2865456494,True,transition,14182,28.364,117.67957497606089,4.148906183051082,283,11.78310536799836
sigma,0.1,0.055579819774925515,50,0.002,0.3,600000,2290359470,True,transition,33350,66.7,1013.70192910268,15.197929971554421,666,42.32360366798821
sigma,0.1,0.055579819774925515,50,0.002,0.3,600000,3152270597,True,transition,14536,29.072,98.76347681971681,3.3972026974310956,290,12.192074559017783
sigma,0.1,0.055579819774925515,50,0.002,0.3,600000,1637890740,True,transition,44100,88.2,2936.703026855958,33.2959526854417,881,64.27008247602498
sigma,0.1,0.055579819774925515,50,0.002,0.3,600000,1379782899,True,transition,50363,100.726,4643.432834461805,46.09964492248084,1007,85.37141490800423
sigma,0.1,0.055579819774925515,50,0.002,0.3,600000,130168953,True,transition,50083,100.166,3168.386201500333,31.631353967417418,1001,77.96039296701201
sigma,0.1,0.055579819774925515,50,0.002,0.3,600000,4105323920,True,transition,37031,74.062,2045.6524327674597,27.620810034396314,740,51.46743556999718
sigma,0.1,0.055579819774925515,50,0.002,0.3,600000,2370390654,True,transition,36692,73.384,1657.209616389364,22.58271035088526,733,51.2915080950188
sigma,0.1,0.055579819774925515,50,0.002,0.3,600000,523199983,True,transition,34840,69.68,1249.948091675127,17.938405448839365,696,43.677919740002835
sigma,0.1,0.055579819774925515,50,0.002,0.3,600000,560744776,True,transition,53824,107.648,6462.274623153807,60.03153447489788,1076,94.44114950599032
sigma,0.1,0.055579819774925515,50,0.002,0.3,600000,4063715717,True,transition,23179,46.358000000000004,443.7978619566467,9.573274557932756,463,24.261521793028805
sigma,0.1,0.055579819774925515,50,0.002,0.3,600000,2307803854,True,transition,31560,63.120000000000005,1288.7869856505797,20.418044766327306,631,38.19156770600239
sigma,0.1,0.055579819774925515,50,0.002,0.3,600000,3571278743,True,transition,49734,99.468,4318.582998818805,43.41680740357507,994,80.84807089201058
sigma,0.1,0.055579819774925515,50,0.002,0.3,600000,3089264205,True,transition,26738,53.476,590.260519054266,11.037858460884621,534,30.93118062999565
sigma,0.1,0.055579819774925515,50,0.002,0.3,600000,1255661337,True,transition,27365,54.730000000000004,692.8434658823317,12.659299577605182,547,31.28300355898682
sigma,0.1,0.055579819774925515,50,0.002,0.3,600000,3428353087,True,transition,17371,34.742,249.61730383067086,7.184885839349228,347,17.83385503498721
sigma,0.1,0.055579819774925515,50,0.002,0.3,600000,3403973047,True,transition,40793,81.586,2574.502392073961,31.555688378814516,815,60.31514521801728
sigma,0.1,0.055579819774925515,50,0.002,0.3,600000,785266417,True,transition,46363,92.726,3685.413327980825,39.74519905938815,927,69.51791551298811
sigma,0.1,0.055579819774925515,50,0.002,0.3,600000,958437580,True,transition,51866,103.732,7706.586038223973,74.2932367854083,1037,85.65212136498303
sigma,0.1,0.055579819774925515,50,0.002,0.3,600000,4098709155,True,transition,26772,53.544000000000004,784.8347333553102,14.657753125566078,535,28.53285207398585
sigma,0.1,0.055579819774925515,50,0.002,0.3,600000,2276245766,True,transition,30431,60.862,767.1254495246677,12.604341781812423,608,34.18925369300996
sigma,0.1,0.055579819774925515,50,0.002,0.3,600000,2209001699,True,transition,49377,98.754,3304.4467926966263,33.46139693274831,987,79.84424477099674
sigma,0.1,0.055579819774925515,50,0.002,0.3,600000,1569623206,True,transition,17800,35.6,225.9739078762245,6.347581681916418,355,17.092166820017155
sigma,0.1,0.055579819774925515,50,0.002,0.3,600000,2858073662,True,transition,45180,90.36,2367.5570066839837,26.201383429437623,903,63.86152549899998
sigma,0.1,0.055579819774925515,50,0.002,0.3,600000,2730049434,True,transition,54599,109.19800000000001,7017.107986115988,64.26040757262942,1091,91.80600828601746
sigma,0.1,0.055579819774925515,50,0.002,0.3,600000,3121581464,True,transition,18309,36.618,277.7570088517238,7.585258857712704,366,16.06970386399189
sigma,0.1,0.07722790915533001,50,0.002,0.3,600000,364224042,True,transition,27756,55.512,1439.4900841746849,25.93115153795008,555,32.00097058000392
sigma,0.1,0.07722790915533001,50,0.002,0.3,600000,1674290659,True,transition,18925,37.85,621.9655395726356,16.43237885264559,378,17.985123016987927
sigma,0.1,0.07722790915533001,50,0.002,0.3,600000,2643740074,True,transition,29776,59.552,3593.492638410075,60.34209830753081,595,37.692084757989505
sigma,0.1,0.07722790915533001,50,0.002,0.3,600000,3302547651,True,transition,37511,75.022,6540.511103807761,87.18124155324786,750,50.1254575229832
sigma,0.1,0.07722790915533001,50,0.002,0.3,600000,2458553573,True,transition,27882,55.764,1503.3805271795031,26.959696707185696,557,33.44419809800456
sigma,0.1,0.07722790915533001,50,0.002,0.3,600000,3864303110,True,transition,25181,50.362,1346.551932328651,26.737459440225784,503,28.153009761997964
sigma,0.1,0.07722790915533001,50,0.002,0.3,600000,1823765076,True,transition,11879,23.758,183.06413238294843,7.705367976384731,237,10.96861055798945
sigma,0.1,0.07722790915533001,50,0.002,0.3,600000,4259159827,True,transition,19188,38.376,658.8813646882952,17.169099559315594,383,18.78431389198522
sigma,0.1,0.07722790915533001,50,0.002,0.3,600000,3853392377,True,transition,15877,31.754,511.28915137310753,16.101566774992364,317,15.189527688984526
sigma,0.1,0.07722790915533001,50,0.002,0.3,600000,3461423919,True,transition,24544,49.088,2245.027664832741,45.734755232088105,490,29.017753656982677
sigma,0.1,0.07722790915533001,50,0.002,0.3,600000,111445351,True,transition,18076,36.152,834.0024928847088,23.069332066959195,361,17.37459204098559
sigma,0.1,0.07722790915533001,50,0.002,0.3,600000,3956491100,True,transition,11648,23.296,228.3771918579872,9.803279183464424,232,10.003018316987436
sigma,0.1,0.07722790915533001,50,0.002,0.3,600000,1886530222,True,transition,13111,26.222,174.5631612862678,6.65712612639264,262,11.912442917004228
sigma,0.1,0.07722790915533001,50,0.002,0.3,600000,2187444483,True,transition,8516,17.032,94.87876085804234,5.570617711251899,170,5.573111529985908
sigma,0.1,0.07722790915533001,50,0.002,0.3,600000,1336740720,True,transition,25619,51.238,1790.671871593113,34.94812193280599,512,27.99584152700845
sigma,0.1,0.07722790915533001,50,0.002,0.3,600000,2169048018,True,transition,30471,60.942,1919.622073067683,31.49916433769294,609,38.655533909011865
sigma,0.1,0.07722790915533001,50,0.002,0.3,600000,3736999652,True,transition,18980,37.96,1256.9600102002407,33.112750532145434,379,15.88918561200262
sigma,0.1,0.07722790915533001,50,0.002,0.3,600000,3366075353,True,transition,5379,10.758000000000001,31.896774636290704,2.964935363105661,107,3.951247996999882
sigma,0.1,0.07722790915533001,50,0.002,0.3,600000,2616643202,True,transition,13349,26.698,389.6358389624029,14.594195781047377,266,12.363759308995213
sigma,0.1,0.07722790915533001,50,0.002,0.3,600000,3487393238,True,transition,33209,66.418,5054.666510176592,76.10386506935758,664,41.93644578498788
sigma,0.1,0.07722790915533001,50,0.002,0.3,600000,1220442580,True,transition,14441,28.882,341.1804464508383,11.812909301670185,288,14.296496809023665
sigma,0.1,0.07722790915533001,50,0.002,0.3,600000,4240632826,True,transition,15327,30.654,432.4978796397012,14.109019365815266,306,14.773983199003851
sigma,0.1,0.07722790915533001,50,0.002,0.3,600000,3985108641,True,transition,34288,68.57600000000001,4189.002048760914,61.0855408417072,685,43.32128502000705
sigma,0.1,0.07722790915533001,50,0.002,0.3,600000,777739275,True,transition,12119,24.238,87.47249465045432,3.6088990284039246,242,10.434886690985877
sigma,0.1,0.07722790915533001,50,0.002,0.3,600000,2494994348,True,transition,18182,36.364,690.086566182794,18.977190798118855,363,17.445071454014396
sigma,0.1,0.07722790915533001,50,0.002,0.3,600000,4027359548,True,transition,22974,45.948,1044.7489614952058,22.737637361695956,459,26.136649988999125
sigma,0.1,0.07722790915533001,50,0.002,0.3,600000,2712782019,True,transition,10247,20.494,100.08602570866583,4.8836745246738476,204,7.555107241001679
sigma,0.1,0.07722790915533001,50,0.002,0.3,600000,939541074,True,transition,20129,40.258,735.4110779762091,18.267451884748596,402,20.57088380897767
sigma,0.1,0.07722790915533001,50,0.002,0.3,600000,2037703696,True,transition,8072,16.144000000000002,67.82290876931215,4.201121702757194,161,6.093200114002684
sigma,0.1,0.07722790915533001,50,0.002,0.3,600000,2640698362,True,transition,18897,37.794000000000004,354.6495509417278,9.383752736988088,377,17.419962535001105
sigma,0.1,0.07722790915533001,50,0.002,0.3,600000,3169988241,True,transition,36842,73.684,7531.598769386189,102.21484676980334,736,50.87869804899674
sigma,0.1,0.07722790915533001,50,0.002,0.3,600000,2347913671,True,transition,16874,33.748,561.6137348020297,16.64139311372614,337,16.341844971000683
sigma,0.1,0.07722790915533001,50,0.002,0.3,600000,953646057,True,transition,25188,50.376,2264.63116984342,44.95456506756035,503,26.382750314980512
sigma,0.1,0.07722790915533001,50,0.002,0.3,600000,3213535176,True,transition,26438,52.876,2385.6072013966336,45.11701341623106,528,31.180154949019197
sigma,0.1,0.07722790915533001,50,0.002,0.3,600000,2578169010,True,transition,13299,26.598,243.8727229103934,9.168836864064719,265,11.376781356986612
sigma,0.1,0.07722790915533001,50,0.002,0.3,600000,3573771264,True,transition,19983,39.966,816.4571258380826,20.42879261967879,399,20.065177921991562
sigma,0.1,0.07722790915533001,50,0.002,0.3,600000,1777622834,True,transition,20342,40.684,828.1369265026024,20.355346733423517,406,20.984418587002438
sigma,0.1,0.07722790915533001,50,0.002,0.3,600000,4015681051,True,transition,19437,38.874,886.6005120534073,22.807030715990308,388,19.79406193800969
sigma,0.1,0.07722790915533001,50,0.002,0.3,600000,109976811,True,transition,30129,60.258,3194.7355673512197,53.01761703593248,602,36.44757051800843
sigma,0.1,0.07722790915533001,50,0.002,0.3,600000,88110027,True,transition,4622,9.244,26.387977335368635,2.8546059428135693,92,2.8898012090066914
sigma,0.1,0.10730783181118907,50,0.002,0.3,600000,307640174,True,transition,6609,13.218,222.1628861192814,16.807602218132956,132,4.434245980984997
sigma,0.1,0.10730783181118907,50,0.002,0.3,600000,1247899039,True,transition,7137,14.274000000000001,108.57424512252781,7.606434434813494,142,5.036011688003782
sigma,0.1,0.10730783181118907,50,0.002,0.3,600000,3405925605,True,transition,338,0.676,0.7561479981011613,1.1185621273685817,6,0.18484762398293242
sigma,0.1,0.10730783181118907,50,0.002,0.3,600000,1508387815,True,transition,19649,39.298,3607.9241247053396,91.80935733893173,392,18.396679184981622
sigma,0.1,0.10730783181118907,50,0.002,0.3,600000,3179989493,True,transition,19711,39.422000000000004,1813.3478000745113,45.998371469598474,394,18.932066970999585
sigma,0.1,0.10730783181118907,50,0.002,0.3,600000,2368192381,True,transition,15458,30.916,2801.0110698892936,90.6006944588334,309,14.230273494002176
sigma,0.1,0.10730783181118907,50,0.002,0.3,600000,4238637415,True,transition,12195,24.39,789.4850438880817,32.36921049151626,243,10.85669835700537
sigma,0.1,0.10730783181118907,50,0.002,0.3,600000,2220444662,True,transition,15085,30.17,1952.5814498937343,64.71930559806876,301,14.771982008998748
sigma,0.1,0.10730783181118907,50,0.002,0.3,600000,3344954195,True,transition,15563,31.126,2241.6100753128617,72.0172870048468,311,13.731803091999609
sigma,0.1,0.10730783181118907,50,0.002,0.3,600000,4161591700,True,transition,11140,22.28,575.0713298058374,25.811100978718017,222,8.92961581799318
sigma,0.1,0.10730783181118907,50,0.002,0.3,600000,3810195066,True,transition,6407,12.814,109.71524525213367,8.562138696124057,128,4.664777984988177
sigma,0.1,0.10730783181118907,50,0.002,0.3,600000,2133503614,True,transition,3380,6.76,35.39061601147181,5.235298226549085,67,2.487982608989114
sigma,0.1,0.10730783181118907,50,0.002,0.3,600000,2663217310,True,transition,14008,28.016000000000002,1109.6846293069934,39.60896021227132,280,13.0976282619813
sigma,0.1,0.10730783181118907,50,0.002,0.3,600000,4085571548,True,transition,13121,26.242,1027.3961624991591,39.15083311101132,262,10.356190809019608
sigma,0.1,0.10730783181118907,50,0.002,0.3,600000,557362647,True,transition,11379,22.758,370.1215414037167,16.26335975936887,227,10.313522287004162
sigma,0.1,0.10730783181118907,50,0.002,0.3,600000,3630078357,True,transition,10387,20.774,482.1367014040536,23.20865993087771,207,8.47646476601949
sigma,0.1,0.10730783181118907,50,0.002,0.3,600000,282363314,True,transition,7419,14.838000000000001,117.19448828249581,7.898267170945936,148,5.328786148980726
sigma,0.1,0.10730783181118907,50,0.002,0.3,600000,654783472,True,transition,25284,50.568,5122.058814088808,101.29051601979133,505,25.307406159990933
sigma,0.1,0.10730783181118907,50,0.002,0.3,600000,1370009413,True,transition,25146,50.292,3167.7907685798964,62.98796565218914,502,29.56756758200936
sigma,0.1,0.10730783181118907,50,0.002,0.3,600000,3163444152,True,transition,14224,28.448,1361.7322360864503,47.86741549797702,284,13.174397657974623
sigma,0.1,0.10730783181118907,50,0.002,0.3,600000,934554715,True,transition,22991,45.982,3898.0550244849737,84.77349885792209,459,26.37374856500537
sigma,0.1,0.10730783181118907,50,0.002,0.3,600000,4132285150,True,transition,16922,33.844,1542.1095889552416,45.565228370028414,338,17.14797066198662
sigma,0.1,0.10730783181118907,50,0.002,0.3,600000,3937808572,True,transition,16356,32.712,2615.891000728145,79.96732088310543,327,13.654060210013995
sigma,0.1,0.10730783181118907,50,0.002,0.3,600000,2220283925,True,transition,12597,25.194,647.2387671669466,25.69019477522214,251,11.127814313018462
sigma,0.1,0.10730783181118907,50,0.002,0.3,600000,3963166780,True,transition,20653,41.306,9383.001273161462,227.15831291244524,413,21.189244631008478
sigma,0.1,0.10730783181118907,50,0.002,0.3,600000,2798577022,True,transition,26104,52.208,9702.806612438588,185.84903869978908,522,29.579662258009193
sigma,0.1,0.10730783181118907,50,0.002,0.3,600000,2306341398,True,transition,14755,29.51,725.6056964207152,24.58846819453457,295,13.10866323497612
sigma,0.1,0.10730783181118907,50,0.002,0.3,600000,239420352,True,transition,9646,19.292,477.28291578001904,24.73993965270677,192,7.262852614017902
sigma,0.1,0.10730783181118907,50,0.002,0.3,600000,2092351678,True,transition,17519,35.038000000000004,848.2592627921646,24.209694126153448,350,16.54205628798809
sigma,0.1,0.10730783181118907,50,0.002,0.3,600000,1960431060,True,transition,17417,34.834,2845.073475805928,81.67518734012539,348,17.412659472000087
sigma,0.1,0.10730783181118907,50,0.002,0.3,600000,1702107734,True,transition,16537,33.074,1677.0245406464915,50.70522285319259,330,13.926140455005225
sigma,0.1,0.10730783181118907,50,0.002,0.3,600000,1483979323,True,transition,12903,25.806,770.4928470394875,29.857120322385782,258,11.981401072000153
sigma,0.1,0.10730783181118907,50,0.002,0.3,600000,3583080052,True,transition,17202,34.404,4774.058151902315,138.76462480822912,344,18.287703865993535
sigma,0.1,0.10730783181118907,50,0.002,0.3,600000,3727946513,True,transition,17768,35.536,2535.883095442097,71.36096058763216,355,15.254189221013803
sigma,0.1,0.10730783181118907,50,0.002,0.3,600000,4003264495,True,transition,17702,35.404,2972.3588387461514,83.95545245582846,354,16.129688086977694
sigma,0.1,0.10730783181118907,50,0.002,0.3,600000,2343441230,True,transition,14963,29.926000000000002,836.6350926889089,27.956796521048883,299,12.466244368988555
sigma,0.1,0.10730783181118907,50,0.002,0.3,600000,1011372023,True,transition,13095,26.19,866.8063288794161,33.09684340891241,261,11.642471916013164
sigma,0.1,0.10730783181118907,50,0.002,0.3,600000,828422146,True,transition,16500,33.0,2031.4414604709646,61.558832135483776,329,15.561864361021435
sigma,0.1,0.10730783181118907,50,0.002,0.3,600000,3226405116,True,transition,21281,42.562,5024.332176079989,118.04737033222098,425,22.12399049499072
sigma,0.1,0.10730783181118907,50,0.002,0.3,600000,2196916111,True,transition,20196,40.392,2642.295533655185,65.41630851790416,403,19.201819509005873
sigma,0.1,0.14910374881259764,50,0.002,0.3,600000,550684403,True,transition,6767,13.534,400.5467010728039,29.595588966514253,135,4.772249122994253
sigma,0.1,0.14910374881259764,50,0.002,0.3,600000,3126760894,True,transition,13090,26.18,13009.784802540711,496.93601232011883,261,10.910639959998662
sigma,0.1,0.14910374881259764,50,0.002,0.3,600000,4095903313,True,transition,14389,28.778000000000002,3637.691796730617,126.40530254814848,287,12.173835788998986
sigma,0.1,0.14910374881259764,50,0.002,0.3,600000,1759401341,True,transition,9371,18.742,846.1357358024586,45.146501750211215,187,7.065772631001892
sigma,0.1,0.14910374881259764,50,0.002,0.3,600000,4054410432,True,transition,5729,11.458,128.22818466305975,11.191148949472835,114,3.7064935480011627
sigma,0.1,0.14910374881259764,50,0.002,0.3,600000,3329950143,True,transition,15648,31.296,23115.60296297636,738.6120578660648,312,14.41401903599035
sigma,0.1,0.14910374881259764,50,0.002,0.3,600000,929454196,True,transition,8304,16.608,1467.53965263605,88.36341839089897,166,5.7972254579945
sigma,0.1,0.14910374881259764,50,0.002,0.3,600000,2019402965,True,transition,10070,20.14,1247.9637828443795,61.964438075689145,201,7.49188083698391
sigma,0.1,0.14910374881259764,50,0.002,0.3,600000,4270891231,True,transition,7455,14.91,208.42122666664744,13.978620165435776,149,5.045069007988786
sigma,0.1,0.14910374881259764,50,0.002,0.3,600000,2888127096,True,transition,11428,22.856,3365.015744977095,147.22680018275705,228,9.205685352004366
sigma,0.1,0.14910374881259764,50,0.002,0.3,600000,330157364,True,transition,8928,17.856,666.8029776480046,37.34335672311853,178,6.416120123991277
sigma,0.1,0.14910374881259764,50,0.002,0.3,600000,1170418219,True,transition,4397,8.794,116.96422160632673,13.300457312522939,87,3.064878738980042
sigma,0.1,0.14910374881259764,50,0.002,0.3,600000,1053804503,True,transition,8764,17.528,1299.2458726375344,74.12402285700219,175,7.2551620269950945
sigma,0.1,0.14910374881259764,50,0.002,0.3,600000,1588003405,True,transition,12657,25.314,6095.1676587919155,240.78247842268766,253,10.954856268013828
sigma,0.1,0.14910374881259764,50,0.002,0.3,600000,1122260737,True,transition,5964,11.928,168.48433284096677,14.125111740523705,119,4.357708899973659
sigma,0.1,0.14910374881259764,50,0.002,0.3,600000,1835585577,True,transition,13750,27.5,8856.398398199015,322.05085084360053,274,11.487927599984687
sigma,0.1,0.14910374881259764,50,0.002,0.3,600000,2152771331,True,transition,11295,22.59,7241.280506592707,320.5524792648387,225,8.397709781012964
sigma,0.1,0.14910374881259764,50,0.002,0.3,600000,844558875,True,transition,9166,18.332,3021.7562503752592,164.8350562063746,183,6.775709792011185
sigma,0.1,0.14910374881259764,50,0.002,0.3,600000,2125604561,True,transition,8851,17.702,873.6316674555655,49.35214481163515,177,6.703286400996149
sigma,0.1,0.14910374881259764,50,0.002,0.3,600000,1032449459,True,transition,4646,9.292,222.72575314761343,23.969624746837432,92,3.335283319989685
sigma,0.1,0.14910374881259764,50,0.002,0.3,600000,1203052606,True,transition,13263,26.526,8243.176551421542,310.75837108578537,265,10.785251284978585
sigma,0.1,0.14910374881259764,50,0.002,0.3,600000,2871681312,True,transition,8228,16.456,1296.1761435420776,78.76617303974706,164,6.393375568004558
sigma,0.1,0.14910374881259764,50,0.002,0.3,600000,2262202890,True,transition,17071,34.142,9213.774634573618,269.86628301135306,341,16.36747158601065
sigma,0.1,0.14910374881259764,50,0.002,0.3,600000,1103107733,True,transition,7488,14.976,472.77089416367545,31.56856932182662,149,5.070315349003067
sigma,0.1,0.14910374881259764,50,0.002,0.3,600000,694843505,True,transition,8421,16.842,781.0746739968686,46.376598622305465,168,6.718595971004106
sigma,0.1,0.14910374881259764,50,0.002,0.3,600000,4248025083,True,transition,8449,16.898,425.62660057861694,25.187986778235114,168,6.035687430994585
sigma,0.1,0.14910374881259764,50,0.002,0.3,600000,2720799852,True,transition,6479,12.958,291.57614109278416,22.50163150893534,129,4.963698550011031
sigma,0.1,0.14910374881259764,50,0.002,0.3,600000,475628386,True,transition,9006,18.012,1198.9556398075374,66.5642704756572,180,6.420700090995524
sigma,0.1,0.14910374881259764,50,0.002,0.3,600000,3840234762,True,transition,10742,21.484,3499.464274536585,162.88699844240293,214,8.229461231996538
sigma,0.1,0.14910374881259764,50,0.002,0.3,600000,3570429769,True,transition,8999,17.998,491.52801655331666,27.310146491461087,179,6.29724209298729
sigma,0.1,0.14910374881259764,50,0.002,0.3,600000,2696855168,True,transition,3490,6.98,70.8468094952959,10.14997270706245,69,2.418734818988014
sigma,0.1,0.14910374881259764,50,0.002,0.3,600000,1749509975,True,transition,7811,15.622,859.183979170401,54.99833434710031,156,6.151019149983767
sigma,0.1,0.14910374881259764,50,0.002,0.3,600000,922427715,True,transition,10599,21.198,1361.1881088599732,64.21304410132905,211,8.249229819019092
sigma,0.1,0.14910374881259764,50,0.002,0.3,600000,955374958,True,transition,11789,23.578,4432.7675992743125,188.00439389576354,235,9.648400907986797
sigma,0.1,0.14910374881259764,50,0.002,0.3,600000,1475311191,True,transition,8437,16.874,651.5199079284937,38.61087518836635,168,6.132313643000089
sigma,0.1,0.14910374881259764,50,0.002,0.3,600000,3139662546,True,transition,13838,27.676000000000002,1676.0447046315458,60.55949937243625,276,12.200869466993026
sigma,0.1,0.14910374881259764,50,0.002,0.3,600000,2559604021,True,transition,2538,5.0760000000000005,17.009133950318997,3.3508932132228124,50,1.4698546449944843
sigma,0.1,0.14910374881259764,50,0.002,0.3,600000,2865398319,True,transition,9676,19.352,950.5958066679934,49.12132113827994,193,6.7777439930068795
sigma,0.1,0.14910374881259764,50,0.002,0.3,600000,590215047,True,transition,18205,36.410000000000004,8772.015396321947,240.9232462598722,364,17.09199828101555
sigma,0.1,0.14910374881259764,50,0.002,0.3,600000,3880300980,True,transition,7878,15.756,302.3442661961532,19.189151192952096,157,6.681183970998973
sigma,0.1,0.20717898716924846,50,0.002,0.3,600000,1696732105,True,transition,4394,8.788,376.43931229109523,42.83560676958298,87,2.8781800729921088
sigma,0.1,0.20717898716924846,50,0.002,0.3,600000,1822080812,True,transition,4595,9.19,753.1957550309114,81.958188795529,91,2.9229306589986663
sigma,0.1,0.20717898716924846,50,0.002,0.3,600000,3040426542,True,transition,3190,6.38,269.9326813442279,42.309197702857034,63,1.8605369910073932
sigma,0.1,0.20717898716924846,50,0.002,0.3,600000,882522650,True,transition,3829,7.658,137.54470085875008,17.960916800568043,76,2.542966687993612
sigma,0.1,0.20717898716924846,50,0.002,0.3,600000,553552012,True,transition,6072,12.144,582.5410955150138,47.96945779932591,121,3.994100604992127
sigma,0.1,0.20717898716924846,50,0.002,0.3,600000,1366016062,True,transition,9885,19.77,4609.618670206238,233.16229995985017,197,8.256572774000233
sigma,0.1,0.20717898716924846,50,0.002,0.3,600000,499688128,True,transition,8294,16.588,788.866865608473,47.55647851509964,165,5.989482454024255
sigma,0.1,0.20717898716924846,50,0.002,0.3,600000,3619818193,True,transition,2117,4.234,34.71660614301094,8.19948184766437,42,1.2034063010069076
sigma,0.1,0.20717898716924846,50,0.002,0.3,600000,257564846,True,transition,4168,8.336,154.69986822850794,18.55804561282485,83,2.6517930649861228
sigma,0.1,0.20717898716924846,50,0.002,0.3,600000,3824987030,True,transition,3106,6.212,56.1855781080716,9.044684177088152,62,1.7814554699871223
sigma,0.1,0.20717898716924846,50,0.002,0.3,600000,2776286431,True,transition,4522,9.044,153.41576475734692,16.963264568481524,90,3.4210159060021397
sigma,0.1,0.20717898716924846,50,0.002,0.3,600000,112511330,True,transition,8397,16.794,4636.758663258739,276.09614524584606,167,6.1919679770071525
sigma,0.1,0.20717898716924846,50,0.002,0.3,600000,9458847,True,transition,4081,8.162,219.58755378225845,26.90364540336418,81,2.621899908001069
sigma,0.1,0.20717898716924846,50,0.002,0.3,600000,2030163201,True,transition,7722,15.444,4636.704871239611,300.22694063970545,154,5.593918002996361
sigma,0.1,0.20717898716924846,50,0.002,0.3,600000,850892023,True,transition,11146,22.292,51504.08018482461,2310.4288616913964,222,9.0630024879938
sigma,0.1,0.20717898716924846,50,0.002,0.3,600000,48680852,True,transition,3155,6.3100000000000005,159.9215864920646,25.344149998742406,63,1.8402880179928616
sigma,0.1,0.20717898716924846,50,0.002,0.3,600000,4025271464,True,transition,4991,9.982000000000001,526.0908672877638,52.70395384569863,99,3.566254792996915
sigma,0.1,0.20717898716924846,50,0.002,0.3,600000,3782631040,True,transition,6516,13.032,1605.4886052434342,123.1958721027804,130,4.498988820996601
sigma,0.1,0.20717898716924846,50,0.002,0.3,600000,2730280089,True,transition,4934,9.868,820.917503150827,83.18985641982438,98,3.125789354002336
sigma,0.1,0.20717898716924846,50,0.002,0.3,600000,2350783688,True,transition,14873,29.746000000000002,52036.67963489973,1749.3672976164771,297,12.954652159998659
sigma,0.1,0.20717898716924846,50,0.002,0.3,600000,896840246,True,transition,6347,12.694,4106.496202656707,323.49899185888665,126,4.085296819015639
sigma,0.1,0.20717898716924846,50,0.002,0.3,600000,2329531866,True,transition,7364,14.728,1435.9852239460279,97.50035469486882,147,5.017046983994078
sigma,0.1,0.20717898716924846,50,0.002,0.3,600000,951898927,True,transition,3791,7.582,107.59336010679019,14.190630454601713,75,2.762539931020001
sigma,0.1,0.20717898716924846,50,0.002,0.3,600000,646850502,True,transition,7099,14.198,1246.5766256541124,87.79945243373098,141,4.684648747992469
sigma,0.1,0.20717898716924846,50,0.002,0.3,600000,522584959,True,transition,5017,10.034,1585.6525229886902,158.0279572442386,100,3.607279732997995
sigma,0.1,0.20717898716924846,50,0.002,0.3,600000,490035571,True,transition,5754,11.508000000000001,289.40017675612825,25.1477386823191,115,4.1437322920246515
sigma,0.1,0.20717898716924846,50,0.002,0.3,600000,207272953,True,transition,6095,12.19,2141.529088488646,175.6791705076822,121,4.393127112009097
sigma,0.1,0.20717898716924846,50,0.002,0.3,600000,928353916,True,transition,8691,17.382,1216.412592699763,69.98116400297796,173,7.22936480800854
sigma,0.1,0.20717898716924846,50,0.002,0.3,600000,3819191129,True,transition,5215,10.43,1096.5396604389327,105.13323685895809,104,3.2949351890129037
sigma,0.1,0.20717898716924846,50,0.002,0.3,600000,2695011307,True,transition,5749,11.498000000000001,284.7314732203027,24.763565247895517,114,4.126668790006079
sigma,0.1,0.20717898716924846,50,0.002,0.3,600000,853188220,True,transition,2606,5.212,69.37467016889197,13.310566033939365,52,1.4881023869966157
sigma,0.1,0.20717898716924846,50,0.002,0.3,600000,2194440534,True,transition,4535,9.07,294.3024039664461,32.447894593874985,90,2.7468274059938267
sigma,0.1,0.20717898716924846,50,0.002,0.3,600000,890499957,True,transition,13929,27.858,98425.41503219125,3533.111315679203,278,12.4085229979828
sigma,0.1,0.20717898716924846,50,0.002,0.3,600000,913890737,True,transition,9074,18.148,3280.866203866063,180.78389926526688,181,7.331763358990429
sigma,0.1,0.20717898716924846,50,0.002,0.3,600000,1125272617,True,transition,7645,15.290000000000001,13005.260716479983,850.5729703387824,152,5.7843260600056965
sigma,0.1,0.20717898716924846,50,0.002,0.3,600000,1590692124,True,transition,4272,8.544,158.27200327698057,18.524344952830123,85,2.6407816789869685
sigma,0.1,0.20717898716924846,50,0.002,0.3,600000,1609210932,True,transition,3039,6.078,57.10677631768431,9.395652569543321,60,1.8089426330116112
sigma,0.1,0.20717898716924846,50,0.002,0.3,600000,3984021727,True,transition,6537,13.074,3304.1390993259934,252.72595222013106,130,5.227864065993344
sigma,0.1,0.20717898716924846,50,0.002,0.3,600000,4166655921,True,transition,4580,9.16,606.6373286199156,66.22678260042747,91,2.96022384299431
sigma,0.1,0.20717898716924846,50,0.002,0.3,600000,242222418,True,transition,9697,19.394000000000002,27416.665412493214,1413.6673926210792,193,7.424553410004592
sigma,0.1,0.28787426920046083,50,0.002,0.3,600000,31635552,True,transition,5627,11.254,1474.5849448473207,131.0276297180843,112,4.2161235770036
sigma,0.1,0.28787426920046083,50,0.002,0.3,600000,959017970,True,transition,4141,8.282,1715.5272960164223,207.13925332243687,82,2.734303720993921
sigma,0.1,0.28787426920046083,50,0.002,0.3,600000,4219310606,True,transition,1770,3.54,71.3101026539649,20.14409679490534,35,0.9948961509799119
sigma,0.1,0.28787426920046083,50,0.002,0.3,600000,2330036112,True,transition,6772,13.544,5914.692216175886,436.70202423035187,135,4.897007939987816
sigma,0.1,0.28787426920046083,50,0.002,0.3,600000,2670368973,True,transition,2848,5.696,353.4992190536181,62.06095840126723,56,1.6188288980047219
sigma,0.1,0.28787426920046083,50,0.002,0.3,600000,1324198763,True,transition,5664,11.328,32026.122579768606,2827.1647757564097,113,4.211733656004071
sigma,0.1,0.28787426920046083,50,0.002,0.3,600000,3591793298,True,transition,1852,3.704,90.39540641692402,24.404807347981645,37,1.0613600000215229
sigma,0.1,0.28787426920046083,50,0.002,0.3,600000,410627167,True,transition,2202,4.404,38.36576479208565,8.711572386940428,44,1.377836527011823
sigma,0.1,0.28787426920046083,50,0.002,0.3,600000,2701455039,True,transition,2574,5.148,148.26138323167842,28.79980249255603,51,1.991384194989223
sigma,0.1,0.28787426920046083,50,0.002,0.3,600000,1885784145,True,transition,3434,6.868,858.8937676042583,125.05733366398636,68,2.5082709300040733
sigma,0.1,0.28787426920046083,50,0.002,0.3,600000,3510807772,True,transition,6732,13.464,10022.151064083926,744.366537736477,134,4.399698812980205
sigma,0.1,0.28787426920046083,50,0.002,0.3,600000,3252159023,True,transition,3216,6.432,2319.584531186288,360.63192338095274,64,2.30522599699907
sigma,0.1,0.28787426920046083,50,0.002,0.3,600000,2564895588,True,transition,2451,4.902,227.38445450745772,46.386057631060325,49,1.5515106829989236
sigma,0.1,0.28787426920046083,50,0.002,0.3,600000,2396944895,True,transition,6825,13.65,11757.75432885944,861.3739435061862,136,5.633082725020358
sigma,0.1,0.28787426920046083,50,0.002,0.3,600000,3237717213,True,transition,1989,3.978,140.87619840158027,35.41382564142289,39,1.1710475849977229
sigma,0.1,0.28787426920046083,50,0.002,0.3,600000,1760854447,True,transition,2280,4.5600000000000005,256.1044230964433,56.16325067904458,45,1.861982786009321
sigma,0.1,0.28787426920046083,50,0.002,0.3,600000,2055683066,True,transition,3466,6.932,730.0024347861483,105.3090644527046,69,2.713699233980151
sigma,0.1,0.28787426920046083,50,0.002,0.3,600000,2304051760,True,transition,3858,7.716,195.842815736096,25.381391360302747,77,2.3209694619872607
sigma,0.1,0.28787426920046083,50,0.002,0.3,600000,1455258215,True,transition,3822,7.644,4918.436649559337,643.4375522709755,76,2.447926369990455
sigma,0.1,0.28787426920046083,50,0.002,0.3,600000,3009948115,True,transition,6153,12.306000000000001,524638.0527612614,42632.70378362273,123,4.475145328993676
sigma,0.1,0.28787426920046083,50,0.002,0.3,600000,1635131766,True,transition,3317,6.634,1443.8306665788095,217.64104108815337,66,2.014124179026112
sigma,0.1,0.28787426920046083,50,0.002,0.3,600000,2649895642,True,transition,4337,8.674,948.0159663321498,109.29397813375027,86,3.095153650996508
sigma,0.1,0.28787426920046083,50,0.002,0.3,600000,3790678358,True,transition,2824,5.648,570.63190565881,101.03256120021423,56,1.698294467991218
sigma,0.1,0.28787426920046083,50,0.002,0.3,600000,3922402788,True,transition,3487,6.974,1385.1684971220714,198.61894137110286,69,2.0838563409924973
sigma,0.1,0.28787426920046083,50,0.002,0.3,600000,3431536766,True,transition,3296,6.5920000000000005,53.75401125840311,8.154431319539306,65,2.3000139789946843
sigma,0.1,0.28787426920046083,50,0.002,0.3,600000,2098270753,True,transition,3425,6.8500000000000005,1085.149865219222,158.4160387181346,68,2.0778667440172285
sigma,0.1,0.28787426920046083,50,0.002,0.3,600000,1284278057,True,transition,2563,5.126,275.9705283961112,53.83740312058353,51,1.6729154599888716
sigma,0.1,0.28787426920046083,50,0.002,0.3,600000,976644769,True,transition,7327,14.654,36872.715098315144,2516.221857398331,146,6.117609886976425
sigma,0.1,0.28787426920046083,50,0.002,0.3,600000,358417262,True,transition,2794,5.588,352.27790991843364,63.041859326849256,55,1.5957260910072364
sigma,0.1,0.28787426920046083,50,0.002,0.3,600000,3559736322,True,transition,4144,8.288,705.1947006031476,85.0862331808817,82,2.5117811569944024
sigma,0.1,0.28787426920046083,50,0.002,0.3,600000,2411001497,True,transition,2634,5.268,208.80640604827335,39.63675133794103,52,1.8769625140121207
sigma,0.1,0.28787426920046083,50,0.002,0.3,600000,1071759129,True,transition,7539,15.078000000000001,16390.034872580036,1087.0165056758215,150,5.577946149016498
sigma,0.1,0.28787426920046083,50,0.002,0.3,600000,3792892511,True,transition,6193,12.386000000000001,11876.111066323048,958.8334463364321,123,4.1525836779910605
sigma,0.1,0.28787426920046083,50,0.002,0.3,600000,453128424,True,transition,3692,7.384,226.97915353770517,30.739321985062997,73,2.7926702400145587
sigma,0.1,0.28787426920046083,50,0.002,0.3,600000,1353878719,True,transition,3474,6.948,436.0438621495983,62.75818395935496,69,2.1164642939984333
sigma,0.1,0.28787426920046083,50,0.002,0.3,600000,3321945279,True,transition,6706,13.412,4079.927650900594,304.1997950268859,134,4.953875728009734
sigma,0.1,0.28787426920046083,50,0.002,0.3,600000,670226716,True,transition,4769,9.538,3953.253742843628,414.47407662441054,95,4.088831933011534
sigma,0.1,0.28787426920046083,50,0.002,0.3,600000,2159258136,True,transition,4761,9.522,3622.771576280435,380.4633035371177,95,2.9387921759916935
sigma,0.1,0.28787426920046083,50,0.002,0.3,600000,199237551,True,transition,2412,4.824,33.007413532782536,6.842332821886927,48,1.400672060000943
sigma,0.1,0.28787426920046083,50,0.002,0.3,600000,464195169,True,transition,7735,15.47,242738.64310748046,15690.927156268937,154,5.261580488004256
sigma,0.1,0.4,50,0.002,0.3,600000,1983983770,True,transition,2188,4.376,2044.4881225414101,467.20478120233315,43,1.2860724960046355
sigma,0.1,0.4,50,0.002,0.3,600000,4144748012,True,transition,1946,3.892,489.3574667079667,125.73418980163585,38,1.3109567190113012
sigma,0.1,0.4,50,0.002,0.3,600000,489365289,True,transition,3149,6.298,2331.5349575120017,370.2024384744366,62,2.199462374992436
sigma,0.1,0.4,50,0.002,0.3,600000,1951484124,True,transition,3511,7.022,6649.5389745236025,946.9579855487898,70,2.137172320013633
sigma,0.1,0.4,50,0.002,0.3,600000,2661098647,True,transition,2507,5.014,6061.813769362602,1208.977616546191,50,1.475227482005721
sigma,0.1,0.4,50,0.002,0.3,600000,3360078925,True,transition,5325,10.65,658018.2169575313,61785.748071129696,106,4.355542617995525
sigma,0.1,0.4,50,0.002,0.3,600000,3086756233,True,transition,2626,5.252,645.9487886089685,122.99101077855455,52,1.8754775690031238
sigma,0.1,0.4,50,0.002,0.3,600000,1547765855,True,transition,2052,4.104,968.1241989438705,235.89770929431543,41,1.2707852630119305
sigma,0.1,0.4,50,0.002,0.3,600000,1652653074,True,transition,2830,5.66,760.9403603499394,134.44175977914122,56,1.9592720969812945
sigma,0.1,0.4,50,0.002,0.3,600000,2577001157,True,transition,2462,4.924,1776.2131646105775,360.72566299971106,49,1.4297872970055323
sigma,0.1,0.4,50,0.002,0.3,600000,3883821689,True,transition,1926,3.852,359.476527928683,93.3220477488793,38,1.2269476149813272
sigma,0.1,0.4,50,0.002,0.3,600000,1657673528,True,transition,5699,11.398,13569.282438872753,1190.4967923208242,113,3.807767579011852
sigma,0.1,0.4,50,0.002,0.3,600000,1524341071,True,transition,4175,8.35,32434.46097920152,3884.3665843355116,83,2.574530938989483
sigma,0.1,0.4,50,0.002,0.3,600000,1458075045,True,transition,4642,9.284,16145.284659238156,1739.0440175827396,92,3.400183994002873
sigma,0.1,0.4,50,0.002,0.3,600000,746942420,True,transition,1884,3.7680000000000002,172.33821215337437,45.737317450470904,37,1.2901806120062247
sigma,0.1,0.4,50,0.002,0.3,600000,3425365093,True,transition,3713,7.426,22230.64650299517,2993.623283462856,74,2.338254151021829
sigma,0.1,0.4,50,0.002,0.3,600000,3571195187,True,transition,2793,5.586,4282.213425335474,766.5974624660713,55,1.6274716469924897
sigma,0.1,0.4,50,0.002,0.3,600000,3722607751,True,transition,5236,10.472,5577.90566546696,532.6495096893583,104,3.9867071250046138
sigma,0.1,0.4,50,0.002,0.3,600000,1779012828,True,transition,2714,5.428,2628.6254009009567,484.27144452854765,54,1.8070283849956468
sigma,0.1,0.4,50,0.002,0.3,600000,352328352,True,transition,3929,7.8580000000000005,35987.449256563945,4579.721208521754,78,2.698283748002723
sigma,0.1,0.4,50,0.002,0.3,600000,3484365394,True,transition,1885,3.77,155.9823203232814,41.37462077540621,37,1.226189531997079
sigma,0.1,0.4,50,0.002,0.3,600000,4077308260,True,transition,2775,5.55,998.5391668260482,179.91696699568436,55,1.7308242919971235
sigma,0.1,0.4,50,0.002,0.3,600000,2072059009,True,transition,3546,7.0920000000000005,2977.962191167306,419.90442627852593,70,2.1435455399914645
sigma,0.1,0.4,50,0.002,0.3,600000,2075411357,True,transition,4788,9.576,5331.953737647214,556.803857314872,95,3.761162663984578
sigma,0.1,0.4,50,0.002,0.3,600000,2874292359,True,transition,2071,4.142,391.18194294824923,94.44276749112728,41,1.219853382994188
sigma,0.1,0.4,50,0.002,0.3,600000,80453,True,transition,2946,5.892,381.70360789863224,64.78336861823358,58,1.8074323820183054
sigma,0.1,0.4,50,0.002,0.3,600000,3972262175,True,transition,3638,7.276,9248.900513728513,1271.1518023266235,72,2.4276830370072275
sigma,0.1,0.4,50,0.002,0.3,600000,911318820,True,transition,3193,6.386,466.5080928398171,73.05169007826763,63,2.294302299997071
sigma,0.1,0.4,50,0.002,0.3,600000,1970834444,True,transition,6086,12.172,37540.79373669784,3084.192715798376,121,3.9893772270006593
sigma,0.1,0.4,50,0.002,0.3,600000,2287062539,True,transition,2798,5.596,9885.968412410051,1766.6133689081578,55,1.72697481198702
sigma,0.1,0.4,50,0.002,0.3,600000,2461132356,True,transition,5685,11.370000000000001,35516.78100411883,3123.727440995499,113,3.784211021004012
sigma,0.1,0.4,50,0.002,0.3,600000,4208803889,True,transition,4024,8.048,53745.1147601262,6678.070919498782,80,2.511404813005356
sigma,0.1,0.4,50,0.002,0.3,600000,1517230861,True,transition,3085,6.17,649.0693338412499,105.19762298885736,61,1.8601737419958226
sigma,0.1,0.4,50,0.002,0.3,600000,2125573111,True,transition,2818,5.636,1692.316057063906,300.26899522070727,56,1.96556825900916
sigma,0.1,0.4,50,0.002,0.3,600000,2940951540,True,transition,4503,9.006,226383.6385363313,25136.979628728768,90,3.5553767009987496
sigma,0.1,0.4,50,0.002,0.3,600000,654872772,True,transition,7017,14.034,1823166.4064053518,129910.67453365767,140,5.755971770995529
sigma,0.1,0.4,50,0.002,0.3,600000,3244883318,True,transition,1736,3.472,70.6807054336785,20.35734603504565,34,1.0685539420228451
sigma,0.1,0.4,50,0.002,0.3,600000,2563088276,True,transition,3206,6.412,16064.687069308391,2505.409711370616,64,1.9058280379977077
sigma,0.1,0.4,50,0.002,0.3,600000,729406722,True,transition,3159,6.3180000000000005,481.36075541829933,76.18878686582768,63,1.8936790600128006
sigma,0.1,0.4,50,0.002,0.3,600000,274247861,True,transition,5577,11.154,40579.72671323806,3638.13221384598,111,4.118994794000173
deposition_stride,0.1,0.15,10,0.002,0.3,600000,663372192,True,transition,3568,7.136,4818.0611712116415,675.1767336339184,356,3.4846297320036683
deposition_stride,0.1,0.15,10,0.002,0.3,600000,534854878,True,transition,943,1.8860000000000001,30.897746996887488,16.382686636737798,94,0.603801065008156
deposition_stride,0.1,0.15,10,0.002,0.3,600000,1876892999,True,transition,3681,7.362,4826.659409560003,655.6179583754418,368,3.194209521985613
deposition_stride,0.1,0.15,10,0.002,0.3,600000,1500513429,True,transition,1999,3.998,715.9017856695599,179.06497890684338,199,1.4519941990147345
deposition_stride,0.1,0.15,10,0.002,0.3,600000,1036115687,True,transition,2053,4.106,206.02155812575907,50.175732617086965,205,1.5500003730121534
deposition_stride,0.1,0.15,10,0.002,0.3,600000,180849370,True,transition,1564,3.128,304.32622807221117,97.29099362922352,156,1.2381365580076817
deposition_stride,0.1,0.15,10,0.002,0.3,600000,1485481716,True,transition,6062,12.124,77837.74884935941,6420.137648413016,606,8.172983277996536
deposition_stride,0.1,0.15,10,0.002,0.3,600000,1049250474,True,transition,1136,2.2720000000000002,150.1152923877651,66.07187164954449,113,0.7484693930018693
deposition_stride,0.1,0.15,10,0.002,0.3,600000,1787812609,True,transition,4531,9.062,2854.7583558807537,315.02519928059525,453,4.8319486810069066
deposition_stride,0.1,0.15,10,0.002,0.3,600000,1033185724,True,transition,3691,7.382000000000001,2414.75407248036,327.1138001192576,369,3.6588864179793745
deposition_stride,0.1,0.15,10,0.002,0.3,600000,489539859,True,transition,2548,5.096,685.9835001821696,134.6121468175372,254,1.9786439559829887
deposition_stride,0.1,0.15,10,0.002,0.3,600000,3684264782,True,transition,3563,7.126,1197.4936811484938,168.04570322038924,356,3.4818516729865223
deposition_stride,0.1,0.15,10,0.002,0.3,600000,3159308925,True,transition,6589,13.178,248628.82690157596,18866.96212639065,658,7.681966117990669
deposition_stride,0.1,0.15,10,0.002,0.3,600000,1461147305,True,transition,2280,4.5600000000000005,1349.4336956783743,295.9284420347312,227,2.279952365992358
deposition_stride,0.1,0.15,10,0.002,0.3,600000,2167593634,True,transition,3081,6.162,570.8617984294982,92.64229120894161,308,2.65769764201832
deposition_stride,0.1,0.15,10,0.002,0.3,600000,1963892566,True,transition,3118,6.236,1779.5684612330388,285.3701830072224,311,2.6184281250170898
deposition_stride,0.1,0.15,10,0.002,0.3,600000,3829877563,True,transition,3370,6.74,167.0070679581999,24.77849672970325,336,3.4637449590081815
deposition_stride,0.1,0.15,10,0.002,0.3,600000,1586639848,True,transition,1786,3.572,118.26940821157585,33.11013667737286,178,1.5160193229967263
deposition_stride,0.1,0.15,10,0.002,0.3,600000,1099019048,True,transition,3499,6.998,1760.7332671445056,251.6052110809525,349,3.372614503983641
deposition_stride,0.1,0.15,10,0.002,0.3,600000,3812700505,True,transition,4083,8.166,22833.821171254225,2796.2063643465863,408,4.081125985016115
deposition_stride,0.1,0.15,10,0.002,0.3,600000,291748116,True,transition,1813,3.626,573.3445428704396,158.12039240773294,181,1.3474203769874293
deposition_stride,0.1,0.15,10,0.002,0.3,600000,8190317,True,transition,3753,7.506,7590.290464605641,1011.2297448182309,375,3.80427645999589
deposition_stride,0.1,0.15,10,0.002,0.3,600000,666709980,True,transition,605,1.21,12.494104170598002,10.32570592611405,60,0.4366579850029666
deposition_stride,0.1,0.15,10,0.002,0.3,600000,308996399,True,transition,2146,4.292,340.21960872599783,79.26831517381125,214,1.726026994001586
deposition_stride,0.1,0.15,10,0.002,0.3,600000,874740346,True,transition,1968,3.936,191.46809205145118,48.64534859030772,196,1.4463726389803924
deposition_stride,0.1,0.15,10,0.002,0.3,600000,906570869,True,transition,3183,6.3660000000000005,834.4379674458733,131.07728046589273,318,2.644044282991672
deposition_stride,0.1,0.15,10,0.002,0.3,600000,814989360,True,transition,1732,3.464,81.55525437026566,23.543664656543204,173,1.41237308899872
deposition_stride,0.1,0.15,10,0.002,0.3,600000,2720818435,True,transition,2571,5.142,300.47824029933054,58.43606384662204,257,2.549595746997511
deposition_stride,0.1,0.15,10,0.002,0.3,600000,2490834686,True,transition,4707,9.414,6685.219338266967,710.1358974152291,470,5.007162794994656
deposition_stride,0.1,0.15,10,0.002,0.3,600000,2123249120,True,transition,1650,3.3000000000000003,536.3253007056978,162.522818395666,164,1.1742309729743283
deposition_stride,0.1,0.15,10,0.002,0.3,600000,3199027782,True,transition,3733,7.466,11999.905781853837,1607.273745225534,373,3.6569093340076506
deposition_stride,0.1,0.15,10,0.002,0.3,600000,30745439,True,transition,1565,3.13,28.085091360797442,8.97287263923241,156,1.2584266790072434
deposition_stride,0.1,0.15,10,0.002,0.3,600000,4204508883,True,transition,3365,6.73,4666.052770587551,693.3213626430239,336,2.920996956003364
deposition_stride,0.1,0.15,10,0.002,0.3,600000,2610723919,True,transition,4192,8.384,2472.546674467186,294.91253273702125,419,4.377181074989494
deposition_stride,0.1,0.15,10,0.002,0.3,600000,2521025614,True,transition,6115,12.23,7984.853288926127,652.8907022834118,611,7.9726758480246644
deposition_stride,0.1,0.15,10,0.002,0.3,600000,326029699,True,transition,5085,10.17,12329.532299780181,1212.3433923087691,508,5.296356743987417
deposition_stride,0.1,0.15,10,0.002,0.3,600000,3350853663,True,transition,3941,7.882000000000001,1258.0142295567455,159.60596670346933,394,3.888447443023324
deposition_stride,0.1,0.15,10,0.002,0.3,600000,606733210,True,transition,2674,5.348,296.283015919759,55.400713522767205,267,2.5166858180018608
deposition_stride,0.1,0.15,10,0.002,0.3,600000,4246078538,True,transition,4264,8.528,1730.6141670664165,202.9331809411839,426,4.575296300987247
deposition_stride,0.1,0.15,10,0.002,0.3,600000,1972888699,True,transition,3327,6.654,2819.7351647166042,423.76542902263367,332,2.947387954016449
deposition_stride,0.1,0.15,20,0.002,0.3,600000,2640427100,True,transition,4681,9.362,1751.6313988320499,187.10012805298547,234,3.944138961000135
deposition_stride,0.1,0.15,20,0.002,0.3,600000,2653528989,True,transition,4395,8.790000000000001,1447.7026489727846,164.69882240873542,219,3.4959046599979047
deposition_stride,0.1,0.15,20,0.002,0.3,600000,3277409,True,transition,8654,17.308,15239.321834950582,880.4784975127445,432,9.81588130199816
deposition_stride,0.1,0.15,20,0.002,0.3,600000,1698712951,True,transition,4630,9.26,1623.8255983088463,175.3591358864845,231,3.5625516129948664
deposition_stride,0.1,0.15,20,0.002,0.3,600000,2075631614,True,transition,8370,16.740000000000002,16724.228318731344,999.0578446076071,418,9.17309464601567
deposition_stride,0.1,0.15,20,0.002,0.3,600000,2105138040,True,transition,7724,15.448,4135.544210731636,267.70741913073766,386,7.569815052993363
deposition_stride,0.1,0.15,20,0.002,0.3,600000,1457446937,True,transition,1881,3.762,61.20173851913828,16.26840471003144,94,1.1786720370000694
deposition_stride,0.1,0.15,20,0.002,0.3,600000,1187926187,True,transition,4862,9.724,3167.049386418845,325.6940956827278,243,4.169825766002759
deposition_stride,0.1,0.15,20,0.002,0.3,600000,2996527206,True,transition,1939,3.878,16.832934743871704,4.340622677635818,96,1.425542820012197
deposition_stride,0.1,0.15,20,0.002,0.3,600000,3826971920,True,transition,4649,9.298,1018.8988266425281,109.58257976366187,232,3.6627684220147785
deposition_stride,0.1,0.15,20,0.002,0.3,600000,3940575527,True,transition,3426,6.852,448.50579602290634,65.45618739388591,171,2.542642858985346
deposition_stride,0.1,0.15,20,0.002,0.3,600000,3209361060,True,transition,2010,4.0200000000000005,22.308646173804437,5.549414471095631,100,1.3094780599931255
deposition_stride,0.1,0.15,20,0.002,0.3,600000,4263795704,True,transition,7004,14.008000000000001,9326.536972369171,665.8007547379476,350,7.593585076974705
deposition_stride,0.1,0.15,20,0.002,0.3,600000,1978954766,True,transition,4333,8.666,757.0068344998157,87.35366195474448,216,3.3136487279844005
deposition_stride,0.1,0.15,20,0.002,0.3,600000,2631997705,True,transition,3565,7.13,190.58476040537212,26.729980421510817,178,2.784919493016787
deposition_stride,0.1,0.15,20,0.002,0.3,600000,2147494190,True,transition,4544,9.088000000000001,612.9466998527425,67.44571961407817,227,3.394230010017054
deposition_stride,0.1,0.15,20,0.002,0.3,600000,2955761027,True,transition,7937,15.874,16504.76662310514,1039.7358336339385,396,8.467345028999262
deposition_stride,0.1,0.15,20,0.002,0.3,600000,2511262389,True,transition,6960,13.92,1632.8922149102889,117.30547520907248,347,7.089719537994824
deposition_stride,0.1,0.15,20,0.002,0.3,600000,2811757913,True,transition,4141,8.282,1270.1228378077385,153.35943465439973,207,3.6289848600281402
deposition_stride,0.1,0.15,20,0.002,0.3,600000,971113744,True,transition,5259,10.518,1138.75958131262,108.2676917011428,262,4.112456567992922
deposition_stride,0.1,0.15,20,0.002,0.3,600000,3641333999,True,transition,5579,11.158,7890.8395017718885,707.1912082606102,278,4.832530991989188
deposition_stride,0.1,0.15,20,0.002,0.3,600000,2226505511,True,transition,3693,7.386,206.35172051011017,27.93822373546035,184,2.634809433016926
deposition_stride,0.1,0.15,20,0.002,0.3,600000,2845595891,True,transition,6739,13.478,8197.123112354157,608.1854216021782,336,7.031333541992353
deposition_stride,0.1,0.15,20,0.002,0.3,600000,2665618580,True,transition,6563,13.126,3124.1053108997967,238.0089372923813,328,5.604375914001139
deposition_stride,0.1,0.15,20,0.002,0.3,600000,322099997,True,transition,2584,5.168,217.13944802805247,42.01614706425164,129,2.090472834999673
deposition_stride,0.1,0.15,20,0.002,0.3,600000,833596926,True,transition,2902,5.804,197.70980107930774,34.064404045366594,145,1.9255486750043929
deposition_stride,0.1,0.15,20,0.002,0.3,600000,3874410644,True,transition,6144,12.288,18378.17847708503,1495.6199932523625,307,5.109431626013247
deposition_stride,0.1,0.15,20,0.002,0.3,600000,3359539298,True,transition,4220,8.44,1417.1095153457275,167.90397101252697,210,3.146281663008267
deposition_stride,0.1,0.15,20,0.002,0.3,600000,455516996,True,transition,8327,16.654,14317.857724230635,859.7248543431389,416,8.739871513011167
deposition_stride,0.1,0.15,20,0.002,0.3,600000,2319544117,True,transition,2540,5.08,748.693824772111,147.3806741677384,126,1.6633558569883462
deposition_stride,0.1,0.15,20,0.002,0.3,600000,793056719,True,transition,1498,2.996,20.807286301930183,6.945022130150262,74,1.1055033940065186
deposition_stride,0.1,0.15,20,0.002,0.3,600000,2454411845,True,transition,3538,7.0760000000000005,755.9497670630831,106.83292355329043,176,3.0487680220103357
deposition_stride,0.1,0.15,20,0.002,0.3,600000,2962870214,True,transition,5259,10.518,4335.959307163579,412.2418052066532,262,4.231755877000978
deposition_stride,0.1,0.15,20,0.002,0.3,600000,3986843609,True,transition,4752,9.504,538.5389927580775,56.664456308720276,237,4.284384843980661
deposition_stride,0.1,0.15,20,0.002,0.3,600000,2320465191,True,transition,5931,11.862,2510.8093249922176,211.66829581792427,296,5.090785865002545
deposition_stride,0.1,0.15,20,0.002,0.3,600000,3684094545,True,transition,4321,8.642,1039.7868213174236,120.31784555860028,216,3.7196033259970136
deposition_stride,0.1,0.15,20,0.002,0.3,600000,3247196343,True,transition,3930,7.86,582.2638966970619,74.07937617010965,196,3.3629063260159455
deposition_stride,0.1,0.15,20,0.002,0.3,600000,1796534114,True,transition,4719,9.438,666.6657564126167,70.63633782714734,235,3.9541148540156428
deposition_stride,0.1,0.15,20,0.002,0.3,600000,1587301165,True,transition,5697,11.394,2530.6234408295018,222.101407831271,284,4.906372817989904
deposition_stride,0.1,0.15,20,0.002,0.3,600000,2597668282,True,transition,3160,6.32,335.26734478151593,53.04863050340442,157,2.4358636340184603
deposition_stride,0.1,0.15,40,0.002,0.3,600000,457463580,True,transition,6939,13.878,439.113105976126,31.640950135187058,173,5.7020644590083975
deposition_stride,0.1,0.15,40,0.002,0.3,600000,3110855183,True,transition,8558,17.116,2559.694869499211,149.5498287858852,213,7.462908210000023
deposition_stride,0.1,0.15,40,0.002,0.3,600000,2656852065,True,transition,5018,10.036,312.97443967888466,31.18517732950226,125,3.5252821799949743
deposition_stride,0.1,0.15,40,0.002,0.3,600000,1643076610,True,transition,6157,12.314,924.0639956040269,75.04174075069245,153,4.308184773981338
deposition_stride,0.1,0.15,40,0.002,0.3,600000,3020887681,True,transition,4911,9.822000000000001,139.91633414572368,14.245197937866388,122,3.6715990979864728
deposition_stride,0.1,0.15,40,0.002,0.3,600000,2581813488,True,transition,8075,16.15,2710.335594606683,167.82263743694634,201,6.43084608000936
deposition_stride,0.1,0.15,40,0.002,0.3,600000,3014336909,True,transition,12680,25.36,7355.4258505559665,290.0404515203457,316,10.593409906985471
deposition_stride,0.1,0.15,40,0.002,0.3,600000,2064973140,True,transition,9977,19.954,3127.764451490466,156.74874468730408,249,8.839049851987511
deposition_stride,0.1,0.15,40,0.002,0.3,600000,762510344,True,transition,9723,19.446,1385.7880814565322,71.26340026002941,243,8.608287554001436
deposition_stride,0.1,0.15,40,0.002,0.3,600000,3932661896,True,transition,8195,16.39,816.849827287698,49.838305508706405,204,7.291422759008128
deposition_stride,0.1,0.15,40,0.002,0.3,600000,3682098962,True,transition,9802,19.604,2815.135777309919,143.60007025657615,245,7.56245251299697
deposition_stride,0.1,0.15,40,0.002,0.3,600000,349336,True,transition,9628,19.256,3154.916872040211,163.84071832365032,240,8.063538360001985
deposition_stride,0.1,0.15,40,0.002,0.3,600000,2899952265,True,transition,4438,8.876,191.5731027895729,21.583269805044267,110,3.274963564996142
deposition_stride,0.1,0.15,40,0.002,0.3,600000,401725516,True,transition,5572,11.144,158.6533169375552,14.236658016650681,139,4.447807627002476
deposition_stride,0.1,0.15,40,0.002,0.3,600000,3969694361,True,transition,10248,20.496,7789.026383765443,380.0266580681813,256,8.984380270994734
deposition_stride,0.1,0.15,40,0.002,0.3,600000,1282826166,True,transition,12508,25.016000000000002,12082.94417366944,483.0086414162712,312,12.060983587987721
deposition_stride,0.1,0.15,40,0.002,0.3,600000,1911814750,True,transition,10272,20.544,3954.865207486754,192.50706812143468,256,7.934565245988779
deposition_stride,0.1,0.15,40,0.002,0.3,600000,2996339809,True,transition,3867,7.734,75.33074542137112,9.740204993712325,96,2.7980869410093874
deposition_stride,0.1,0.15,40,0.002,0.3,600000,3572033071,True,transition,5251,10.502,54.25452971569133,5.166114046437948,131,3.4459961649845354
deposition_stride,0.1,0.15,40,0.002,0.3,600000,4213157970,True,transition,8123,16.246,908.7738493096871,55.938314004043285,203,6.95585460899747
deposition_stride,0.1,0.15,40,0.002,0.3,600000,1903156325,True,transition,13519,27.038,14219.882316961714,525.9221213463168,337,12.969735560007393
deposition_stride,0.1,0.15,40,0.002,0.3,600000,4035229521,True,transition,13880,27.76,7233.993433694583,260.5905415596031,346,13.630179058993235
deposition_stride,0.1,0.15,40,0.002,0.3,600000,1692097547,True,transition,9587,19.174,3085.9568364661604,160.9448647369438,239,8.101032998005394
deposition_stride,0.1,0.15,40,0.002,0.3,600000,3114605051,True,transition,11034,22.068,4173.758373173,189.1317007963114,275,8.760414568998385
deposition_stride,0.1,0.15,40,0.002,0.3,600000,495730493,True,transition,8066,16.132,666.8805797712428,41.33898957173585,201,5.811708073015325
deposition_stride,0.1,0.15,40,0.002,0.3,600000,4045056235,True,transition,13711,27.422,2710.5035035030382,98.84412163602356,342,12.804462318017613
deposition_stride,0.1,0.15,40,0.002,0.3,600000,3919052612,True,transition,12259,24.518,3114.856297336088,127.04365353357076,306,10.316027382010361
deposition_stride,0.1,0.15,40,0.002,0.3,600000,2753004669,True,transition,7538,15.076,2403.4339512001948,159.4211960201774,188,5.786889234004775
deposition_stride,0.1,0.15,40,0.002,0.3,600000,322965602,True,transition,11069,22.138,4195.80533130931,189.52955692968243,276,9.809382364008343
deposition_stride,0.1,0.15,40,0.002,0.3,600000,15372499,True,transition,7589,15.178,412.1229504162565,27.15265189196577,189,6.03612660599174
deposition_stride,0.1,0.15,40,0.002,0.3,600000,3929708783,True,transition,6087,12.174,1171.427758800296,96.22373573191194,152,4.386167706019478
deposition_stride,0.1,0.15,40,0.002,0.3,600000,3415847736,True,transition,10943,21.886,1774.8285380714794,81.09424006540617,273,9.459773965994827
deposition_stride,0.1,0.15,40,0.002,0.3,600000,3258977919,True,transition,7375,14.75,1178.5480603811363,79.90156341567025,184,5.67359065200435
deposition_stride,0.1,0.15,40,0.002,0.3,600000,1941317600,True,transition,9326,18.652,1390.1779355351534,74.53237913012832,233,7.298182942002313
deposition_stride,0.1,0.15,40,0.002,0.3,600000,1999216050,True,transition,5051,10.102,415.99791782043553,41.17975824791482,126,3.678855737001868
deposition_stride,0.1,0.15,40,0.002,0.3,600000,4262220356,True,transition,7988,15.976,1079.240662416664,67.55387220935553,199,6.514889451995259
deposition_stride,0.1,0.15,40,0.002,0.3,600000,1584857371,True,transition,5133,10.266,79.97139214823314,7.789927152565082,128,3.7891399200016167
deposition_stride,0.1,0.15,40,0.002,0.3,600000,2061767668,True,transition,11669,23.338,2766.6412872761985,118.54663155695425,291,9.535695113998372
deposition_stride,0.1,0.15,40,0.002,0.3,600000,643638149,True,transition,6718,13.436,1135.0139720582526,84.47558589299291,167,5.2098440369882155
deposition_stride,0.1,0.15,40,0.002,0.3,600000,1250949527,True,transition,5475,10.950000000000001,282.3257489314092,25.78317341839353,136,4.479190729995025
deposition_stride,0.1,0.15,80,0.002,0.3,600000,336175599,True,transition,10602,21.204,232.51113197332978,10.96543727472787,132,7.755469466006616
deposition_stride,0.1,0.15,80,0.002,0.3,600000,3476400561,True,transition,12078,24.156,1410.2156144422347,58.37951707411139,150,8.754821906011784
deposition_stride,0.1,0.15,80,0.002,0.3,600000,3250246881,True,transition,13537,27.074,1218.646476332993,45.011689308302905,169,10.02359694801271
deposition_stride,0.1,0.15,80,0.002,0.3,600000,2128096271,True,transition,23259,46.518,9650.419499037327,207.45559781240223,290,20.341758524999022
deposition_stride,0.1,0.15,80,0.002,0.3,600000,2942540552,True,transition,14359,28.718,2611.5398885245127,90.93738730150125,179,10.758480023010634
deposition_stride,0.1,0.15,80,0.002,0.3,600000,2693318042,True,transition,13777,27.554000000000002,1959.410839999137,71.11166581981334,172,10.330873464001343
deposition_stride,0.1,0.15,80,0.002,0.3,600000,3823330990,True,transition,11701,23.402,741.3020650478846,31.676868004780985,146,8.312267423985759
deposition_stride,0.1,0.15,80,0.002,0.3,600000,992476909,True,transition,15362,30.724,3171.766723388832,103.23417274407082,192,11.779353223013459
deposition_stride,0.1,0.15,80,0.002,0.3,600000,1795108901,True,transition,16941,33.882,3179.522039508467,93.84103770463571,211,13.979838151019067
deposition_stride,0.1,0.15,80,0.002,0.3,600000,2441549155,True,transition,15457,30.914,1762.5068356489335,57.01322493526989,193,12.81584286200814
deposition_stride,0.1,0.15,80,0.002,0.3,600000,1746252228,True,transition,6719,13.438,193.5072639668918,14.40000476014971,83,3.9638368599989917
deposition_stride,0.1,0.15,80,0.002,0.3,600000,1914385177,True,transition,16543,33.086,2966.0677201977173,89.64721393331673,206,14.11191857198719
deposition_stride,0.1,0.15,80,0.002,0.3,600000,1578701337,True,transition,6731,13.462,142.28487892416717,10.569371484487236,84,4.370733251009369
deposition_stride,0.1,0.15,80,0.002,0.3,600000,918181748,True,transition,9621,19.242,941.7282378249379,48.94128665548996,120,6.334676373982802
deposition_stride,0.1,0.15,80,0.002,0.3,600000,1392738018,True,transition,8709,17.418,308.4107414359356,17.706438249852773,108,5.403760257991962
deposition_stride,0.1,0.15,80,0.002,0.3,600000,1087598119,True,transition,11718,23.436,508.8561077352148,21.712583535382095,146,9.230741245002719
deposition_stride,0.1,0.15,80,0.002,0.3,600000,2886679524,True,transition,14557,29.114,2585.0177390219515,88.7895081068198,181,10.623106454993831
deposition_stride,0.1,0.15,80,0.002,0.3,600000,4026047936,True,transition,14888,29.776,2380.659123010423,79.95228113280572,186,11.56511866900837
deposition_stride,0.1,0.15,80,0.002,0.3,600000,774228878,True,transition,14321,28.642,4263.371856006343,148.85035458439853,179,10.001659561006818
deposition_stride,0.1,0.15,80,0.002,0.3,600000,1437609811,True,transition,7925,15.85,330.9908593804402,20.882704061857428,99,4.911474495020229
deposition_stride,0.1,0.15,80,0.002,0.3,600000,1085577582,True,transition,6695,13.39,154.12867076309985,11.510729705982063,83,4.568775775987888
deposition_stride,0.1,0.15,80,0.002,0.3,600000,759826311,True,transition,21736,43.472,8031.092473141042,184.7417296913195,271,17.925777160999132
deposition_stride,0.1,0.15,80,0.002,0.3,600000,1482514223,True,transition,8427,16.854,444.5316890261579,26.375441380453182,105,5.392916888988111
deposition_stride,0.1,0.15,80,0.002,0.3,600000,2779117657,True,transition,22398,44.796,6503.305913056493,145.17604056291842,279,20.666646414989373
deposition_stride,0.1,0.15,80,0.002,0.3,600000,377737761,True,transition,15860,31.720000000000002,6349.647216312648,200.17803330115535,198,12.66750031101401
deposition_stride,0.1,0.15,80,0.002,0.3,600000,3642763992,True,transition,18182,36.364,5040.812722662696,138.6209636635875,227,14.798699915991165
deposition_stride,0.1,0.15,80,0.002,0.3,600000,3521080728,True,transition,16638,33.276,4974.7051448546945,149.49829140686063,207,12.936671724019106
deposition_stride,0.1,0.15,80,0.002,0.3,600000,1835362436,True,transition,9845,19.69,342.4638700738064,17.39278161878143,123,6.541149069002131
deposition_stride,0.1,0.15,80,0.002,0.3,600000,1615395953,True,transition,12478,24.956,1629.6757103984492,65.3019598653009,155,9.635132119990885
deposition_stride,0.1,0.15,80,0.002,0.3,600000,2358796625,True,transition,16325,32.65,8744.570633723832,267.82758449383863,204,12.258236194000347
deposition_stride,0.1,0.15,80,0.002,0.3,600000,4049781385,True,transition,7089,14.178,76.51254775250965,5.3965684689314175,88,4.913097545999335
deposition_stride,0.1,0.15,80,0.002,0.3,600000,574729593,True,transition,22838,45.676,11952.55877346431,261.6813813263926,285,19.972954871016555
deposition_stride,0.1,0.15,80,0.002,0.3,600000,3948094719,True,transition,13474,26.948,1791.018043417254,66.46200250175352,168,10.197487074998207
deposition_stride,0.1,0.15,80,0.002,0.3,600000,3598796429,True,transition,9513,19.026,578.1427062018894,30.386981299373982,118,6.370169725996675
deposition_stride,0.1,0.15,80,0.002,0.3,600000,1889193799,True,transition,12611,25.222,1470.001982428219,58.28253042693755,157,8.652374141005566
deposition_stride,0.1,0.15,80,0.002,0.3,600000,2838166633,True,transition,15585,31.17,2301.9683529618014,73.85204853903758,194,13.242011924012331
deposition_stride,0.1,0.15,80,0.002,0.3,600000,3254265294,True,transition,7763,15.526,346.55124966831437,22.320703959056704,97,5.334435311000561
deposition_stride,0.1,0.15,80,0.002,0.3,600000,1817427278,True,transition,2935,5.87,13.001635353323206,2.2149293617245664,36,1.7189828470000066
deposition_stride,0.1,0.15,80,0.002,0.3,600000,2140992434,True,transition,21775,43.550000000000004,6336.776806376674,145.505782006353,272,18.23024145801901
deposition_stride,0.1,0.15,80,0.002,0.3,600000,2688050371,True,transition,14130,28.26,2875.362625136679,101.74673125041326,176,10.806705840019276
deposition_stride,0.1,0.15,160,0.002,0.3,600000,1094651514,True,transition,24383,48.766,2238.9678852310667,45.91247765309984,152,17.00516185601009
deposition_stride,0.1,0.15,160,0.002,0.3,600000,2691064283,True,transition,20968,41.936,1366.4039611588705,32.583078051289355,131,15.285339830996236
deposition_stride,0.1,0.15,160,0.002,0.3,600000,3330975021,True,transition,18170,36.34,923.2908101516261,25.407011836863678,113,11.617792055010796
deposition_stride,0.1,0.15,160,0.002,0.3,600000,858834031,True,transition,23276,46.552,1066.780937689113,22.915899159845186,145,16.840216657001292
deposition_stride,0.1,0.15,160,0.002,0.3,600000,1608792337,True,transition,19951,39.902,609.7606178584031,15.281455011237608,124,14.455423415987752
deposition_stride,0.1,0.15,160,0.002,0.3,600000,845896357,True,transition,32362,64.724,3228.933291247487,49.8877277555078,202,25.445557045022724
deposition_stride,0.1,0.15,160,0.002,0.3,600000,2878020187,True,transition,13758,27.516000000000002,412.7550876551276,15.000548322980361,85,9.32717427497846
deposition_stride,0.1,0.15,160,0.002,0.3,600000,1558962573,True,transition,17188,34.376,595.4379078618528,17.32132615376579,107,10.882855049014324
deposition_stride,0.1,0.15,160,0.002,0.3,600000,1524295238,True,transition,13214,26.428,294.927432910872,11.159657670306949,82,9.066501550987596
deposition_stride,0.1,0.15,160,0.002,0.3,600000,2568688757,True,transition,28364,56.728,4295.750117111767,75.72539340558045,177,23.42702902201563
deposition_stride,0.1,0.15,160,0.002,0.3,600000,3450619146,True,transition,23543,47.086,2179.3589597540613,46.28464851025913,147,18.033069108001655
deposition_stride,0.1,0.15,160,0.002,0.3,600000,3851020219,True,transition,23922,47.844,995.9446200089484,20.816499874779456,149,17.43855189200258
deposition_stride,0.1,0.15,160,0.002,0.3,600000,3505336646,True,transition,21467,42.934,1672.7108051108348,38.960050428817134,134,15.308280700002797
deposition_stride,0.1,0.15,160,0.002,0.3,600000,1473116435,True,transition,8544,17.088,117.16933436373924,6.856819660799347,53,5.6272453279816546
deposition_stride,0.1,0.15,160,0.002,0.3,600000,1500249846,True,transition,9825,19.650000000000002,151.3633122431078,7.702967544178513,61,6.589495120017091
deposition_stride,0.1,0.15,160,0.002,0.3,600000,1207379705,True,transition,27087,54.174,2538.5239891432584,46.85871431209175,169,21.430061783001292
deposition_stride,0.1,0.15,160,0.002,0.3,600000,2616669202,True,transition,18721,37.442,520.384187922039,13.898407882112041,117,12.50272060802672
deposition_stride,0.1,0.15,160,0.002,0.3,600000,3674817201,True,transition,34520,69.04,3968.7104609622584,57.4842187277268,215,27.136644876998616
deposition_stride,0.1,0.15,160,0.002,0.3,600000,253578992,True,transition,26332,52.664,2229.747812745244,42.339127539595246,164,19.857777391996933
deposition_stride,0.1,0.15,160,0.002,0.3,600000,3823018965,True,transition,25024,50.048,1043.8384563795132,20.85674665080549,156,19.13325652599451
deposition_stride,0.1,0.15,160,0.002,0.3,600000,983935490,True,transition,20612,41.224000000000004,1774.2793669942064,43.039961357321125,128,15.270546927989926
deposition_stride,0.1,0.15,160,0.002,0.3,600000,3771044924,True,transition,23031,46.062,1045.6428349404446,22.70076928792594,143,16.98984344099881
deposition_stride,0.1,0.15,160,0.002,0.3,600000,3929638662,True,transition,20766,41.532000000000004,1372.3462471567616,33.04310524792356,129,16.81501082101022
deposition_stride,0.1,0.15,160,0.002,0.3,600000,153688059,True,transition,12530,25.060000000000002,270.82887763843604,10.80721778285858,78,7.959828319988446
deposition_stride,0.1,0.15,160,0.002,0.3,600000,973723266,True,transition,25835,51.67,2517.3395869403203,48.71955848539424,161,21.02507328800857
deposition_stride,0.1,0.15,160,0.002,0.3,600000,3611745735,True,transition,29542,59.084,3578.441521840835,60.565322622720785,184,22.31569680199027
deposition_stride,0.1,0.15,160,0.002,0.3,600000,2773456589,True,transition,11061,22.122,228.12541200500357,10.312151342781103,69,6.6790004600188695
deposition_stride,0.1,0.15,160,0.002,0.3,600000,3931448828,True,transition,23989,47.978,1467.789854913702,30.59297709186923,149,16.89928355702432
deposition_stride,0.1,0.15,160,0.002,0.3,600000,1298534697,True,transition,26726,53.452,4098.967573942425,76.68501784671153,167,21.224741622019792
deposition_stride,0.1,0.15,160,0.002,0.3,600000,3697336076,True,transition,7194,14.388,64.02069696484547,4.449589725107414,44,4.591813245991943
deposition_stride,0.1,0.15,160,0.002,0.3,600000,3954831429,True,transition,11389,22.778000000000002,224.74569535035798,9.866787924767669,71,8.350022791011725
deposition_stride,0.1,0.15,160,0.002,0.3,600000,3143233568,True,transition,25642,51.284,2062.9535540633356,40.226065713737924,160,19.24257766699884
deposition_stride,0.1,0.15,160,0.002,0.3,600000,3474764769,True,transition,22181,44.362,1529.4496760657896,34.476571752080375,138,15.918594136019237
deposition_stride,0.1,0.15,160,0.002,0.3,600000,3110611135,True,transition,20363,40.726,1381.3017487098475,33.91695105607837,127,13.99372518400196
deposition_stride,0.1,0.15,160,0.002,0.3,600000,1952910659,True,transition,11821,23.642,253.10919083085258,10.705912817479595,73,8.336316564993467
deposition_stride,0.1,0.15,160,0.002,0.3,600000,3035997043,True,transition,25375,50.75,2023.5356175782213,39.872623006467414,158,19.080530117993476
deposition_stride,0.1,0.15,160,0.002,0.3,600000,2080573236,True,transition,24019,48.038000000000004,3181.8079970738,66.23523038165202,150,18.031880499009276
deposition_stride,0.1,0.15,160,0.002,0.3,600000,2645371552,True,transition,22375,44.75,2112.128372098835,47.19839937651028,139,16.604506021016277
deposition_stride,0.1,0.15,160,0.002,0.3,600000,202687666,True,transition,18857,37.714,1105.518288341445,29.313206987894283,117,14.293223398999544
deposition_stride,0.1,0.15,160,0.002,0.3,600000,2570201423,True,transition,10909,21.818,214.52645219904974,9.832544330325865,68,7.705237496003974
deposition_stride,0.1,0.15,320,0.002,0.3,600000,2137157974,True,transition,30407,60.814,901.9414034781144,14.831147490349498,95,22.446442836982897
deposition_stride,0.1,0.15,320,0.002,0.3,600000,3547709382,True,transition,5365,10.73,17.31373292500376,1.6135818196648424,16,2.9550221000099555
deposition_stride,0.1,0.15,320,0.002,0.3,600000,1064461487,True,transition,32451,64.902,1256.0541686807262,19.353088790495303,101,21.799861552979564
deposition_stride,0.1,0.15,320,0.002,0.3,600000,4088537764,True,transition,51109,102.218,7999.300515005255,78.25725914227685,159,36.80095018801512
deposition_stride,0.1,0.15,320,0.002,0.3,600000,3262378380,True,transition,38478,76.956,2041.0684867248847,26.522538680868088,120,28.24904358899221
deposition_stride,0.1,0.15,320,0.002,0.3,600000,3476688431,True,transition,51957,103.914,7471.485629469467,71.90066429421894,162,39.121013597003184
deposition_stride,0.1,0.15,320,0.002,0.3,600000,3549479228,True,transition,15984,31.968,161.67883850089513,5.05752122437735,49,11.172137774003204
deposition_stride,0.1,0.15,320,0.002,0.3,600000,1665353666,True,transition,28701,57.402,806.5843246702774,14.051502119617389,89,19.851706766989082
deposition_stride,0.1,0.15,320,0.002,0.3,600000,1880674788,True,transition,32360,64.72,1227.7380049580672,18.969993896138245,101,23.45953834601096
deposition_stride,0.1,0.15,320,0.002,0.3,600000,749723998,True,transition,31195,62.39,1087.1290927550717,17.424733014186113,97,21.571067746001063
deposition_stride,0.1,0.15,320,0.002,0.3,600000,3033008058,True,transition,36772,73.544,1821.3227278540016,24.765075707793997,114,26.333311769005377
deposition_stride,0.1,0.15,320,0.002,0.3,600000,3168828202,True,transition,20684,41.368,404.15861589430114,9.769836972884866,64,14.323210581002058
deposition_stride,0.1,0.15,320,0.002,0.3,600000,3625563728,True,transition,50423,100.846,4815.564305164414,47.75166397442054,157,39.57103705799091
deposition_stride,0.1,0.15,320,0.002,0.3,600000,4281338577,True,transition,54619,109.238,5475.905531977653,50.12821117173193,170,41.93921623600181
deposition_stride,0.1,0.15,320,0.002,0.3,600000,14961325,True,transition,26110,52.22,698.120890134234,13.368841251134315,81,18.244333636015654
deposition_stride,0.1,0.15,320,0.002,0.3,600000,24379588,True,transition,20648,41.296,354.10406136897916,8.574778704208136,64,14.059820138005307
deposition_stride,0.1,0.15,320,0.002,0.3,600000,2749850028,True,transition,13225,26.45,83.24696568614563,3.1473332962625946,41,7.7186674529802985
deposition_stride,0.1,0.15,320,0.002,0.3,600000,2833696647,True,transition,25902,51.804,733.190856342844,14.153170727025788,80,18.598412886989536
deposition_stride,0.1,0.15,320,0.002,0.3,600000,696147140,True,transition,20788,41.576,387.29707622222764,9.315400140038186,64,14.526222179003526
deposition_stride,0.1,0.15,320,0.002,0.3,600000,588064957,True,transition,26989,53.978,694.2894813149057,12.862452875521615,84,16.90932999100187
deposition_stride,0.1,0.15,320,0.002,0.3,600000,3265378806,True,transition,38179,76.358,1451.7974983230858,19.01303724983742,119,27.876447066984838
deposition_stride,0.1,0.15,320,0.002,0.3,600000,2857134020,True,transition,28475,56.95,970.5798967042659,17.042667194104755,88,19.615251317009097
deposition_stride,0.1,0.15,320,0.002,0.3,600000,3826330469,True,transition,14237,28.474,151.1333978270088,5.3077684142378585,44,8.267694298992865
deposition_stride,0.1,0.15,320,0.002,0.3,600000,2666491148,True,transition,43281,86.562,1854.3359225284214,21.42205497248702,135,30.838820853008656
deposition_stride,0.1,0.15,320,0.002,0.3,600000,1619828158,True,transition,34297,68.59400000000001,2113.3443498009296,30.80946365281117,107,23.77150192100089
deposition_stride,0.1,0.15,320,0.002,0.3,600000,4284300143,True,transition,51013,102.026,4093.7177191537476,40.12425969021375,159,39.00748830198427
deposition_stride,0.1,0.15,320,0.002,0.3,600000,2798524351,True,transition,23247,46.494,423.87106809010936,9.116683186865174,72,15.85498846299015
deposition_stride,0.1,0.15,320,0.002,0.3,600000,980230658,True,transition,44399,88.798,2357.2673434083786,26.546401308682388,138,33.73256344400579
deposition_stride,0.1,0.15,320,0.002,0.3,600000,3287346555,True,transition,27114,54.228,825.6601803302409,15.225716978871448,84,18.200282248988515
deposition_stride,0.1,0.15,320,0.002,0.3,600000,2849449895,True,transition,41175,82.35000000000001,3386.058208962164,41.11788960488359,128,30.330954859993653
deposition_stride,0.1,0.15,320,0.002,0.3,600000,3384823918,True,transition,46474,92.94800000000001,3828.4277897181055,41.188920576215786,145,31.377385536994552
deposition_stride,0.1,0.15,320,0.002,0.3,600000,661964973,True,transition,19913,39.826,354.20920404483826,8.893918647236434,62,13.443139645998599
deposition_stride,0.1,0.15,320,0.002,0.3,600000,3370399336,True,transition,33535,67.07000000000001,1262.2726380937584,18.82022719686534,104,21.592696822975995
deposition_stride,0.1,0.15,320,0.002,0.3,600000,1995354506,True,transition,11566,23.132,91.3652989713852,3.9497362515729377,36,7.613737740990473
deposition_stride,0.1,0.15,320,0.002,0.3,600000,2122721592,True,transition,43265,86.53,3162.276285191161,36.54543262673248,135,23.585416582995094
deposition_stride,0.1,0.15,320,0.002,0.3,600000,4100061155,True,transition,2785,5.57,8.14679888103067,1.46262098402705,8,1.6792285120172892
deposition_stride,0.1,0.15,320,0.002,0.3,600000,913685202,True,transition,24676,49.352000000000004,505.6261508199206,10.245302132029513,77,13.574866631010082
deposition_stride,0.1,0.15,320,0.002,0.3,600000,2186500797,True,transition,9435,18.87,30.11521999838608,1.5959311074926381,29,5.992260903003626
deposition_stride,0.1,0.15,320,0.002,0.3,600000,3984486479,True,transition,26561,53.122,499.2934742469331,9.398996164431555,83,11.22607607601094
deposition_stride,0.1,0.15,320,0.002,0.3,600000,2888989925,True,transition,55187,110.374,5862.254128022648,53.112636381961764,172,17.818626746011432
